smiles,qed,sa
CCn1cccc1C(=O)NC1C[NH+](CC2CCCC2)C1,0.8160366593754986,3.4987757144197777
Cc1ccc(N2CCN(C(=O)N3CC[NH+](C)CC3)CC2)cc1,0.79585055592382,3.090028851692252
COc1ccc(C(=O)N[C@H](C)c2ccccc2C)cc1,0.9222554701917445,1.956445239937171
Cc1sccc1C(=O)Nc1cccc(C2CCOCC2)c1,0.9222577630568124,2.2534900264851334
CCc1cccc(C(=O)NCc2ccc(C(C)C)cc2)c1,0.8693765975310989,1.5950986399888833
CC[NH+](CC)[C@H]1CCCN(C(=O)c2ccc(Cl)cc2F)C1,0.9034467914834936,3.694034489760016
CC(C)(C)OC(=O)N1CCC(N2CCCCC2=O)CC1,0.7417721842845243,2.149567263922906
Cc1cnc(C[NH+]2CC(NC(=O)c3ccoc3C3CC3)C2)o1,0.8504734361103101,3.921199783985764
Cc1cc(C(=O)N2CCC[C@H]2CNC(=O)c2ccsc2)no1,0.9359560413578436,2.86558247206216
CCc1ccc(C(=O)N2CCC(OCCOC)CC2)cc1,0.7560097881069238,1.9141128512014003
Cc1ccc(NC(=O)N2CCC(n3cccn3)CC2)cc1,0.9210920147415311,2.0955644274939598
CCCCNC(=O)N1CCC(NC(=O)c2cccs2)CC1,0.8207922779398217,2.054482851201401
Cc1ccccc1CC(=O)NC[C@@H]1CCCN(C(=O)C[C@H]2CCOC2(C)C)C1,0.8172908614011416,3.3374786490554182
CC1(C(=O)N2CC[C@H](Cc3ccccc3)C2)CCOCC1,0.8552658981059437,2.766885657303609
CCOC(=O)[C@H]1CCC[NH+]1Cc1ccc(F)cc1,0.8083926713392184,4.173357977775701
CC[NH+]1CCC[C@H]1C(=O)Nc1ccc(C(C)(C)C)cc1,0.8688638276670034,3.995027183045236
CN(C)c1ccc([NH+]2CCN(c3ccc(F)cc3)CC2)c(F)c1,0.9289505979112006,3.3901795362874427
CC(C)(C)OC(=O)N1CCC(C(=O)c2ccccc2)CC1,0.7826047802672041,1.8096078114136027
CCn1nccc1C(=O)NC[C@@H](C)CNC(=O)c1ccccc1,0.8164900790877757,2.5733917196328377
CCC(=O)NCc1ccc(NC(=O)NC2CC[NH+](C3CC3)CC2)cc1,0.6220068025118657,3.2079062740964677
CC(C)c1nc(C(=O)NCCCC2CCOCC2)cs1,0.8201572711765448,2.3726145808165384
CC(C)Oc1ccc(C(=O)N[C@@H]2CCC[C@@H](CNC(=O)c3ccco3)C2)cc1,0.7611312850876728,2.880293897351427
COc1ccc(OCCNC(=O)C(=O)NCC[NH+]2CCCCC2)cc1,0.4310010362055465,3.1851493130997186
CC(C)(C)OC(=O)NC1CC(Cc2ccc(C(F)(F)F)cc2)C1,0.8832256713730593,2.202630819632093
COc1ccc(N2C[C@@H](C(=O)NCc3cccc(C(F)(F)F)c3)CC2=O)cc1,0.8488164029906649,2.4496579528601288
C[C@@H]1CCCCN1C(=O)c1ccn(Cc2ccccc2)n1,0.8683322014934559,2.4198193269126893
Cc1ccc(C(=O)NCC2(O)CN(C(=O)c3ccccc3C)C2)s1,0.8910156361800927,2.3266712655284802
Cn1ccc(CNC(=O)C=Cc2ccccc2Cl)n1,0.8712526884700876,2.2312745845501585
Cc1ccc(C(=O)N2CCC[C@H]2NC(=O)C(C)(C)c2ccccc2)cn1,0.9208248013943805,2.864355531932018
CC(NC(=O)C1=CCOCC1)c1ccc2ccccc2n1,0.9414412789492509,3.0117946106453495
CC(C)C[NH+]1CC(NC(=O)c2ccc(Br)cc2F)C1,0.8558176300156274,3.351024509135377
CCc1cccc(C(=O)NC[C@H](CC)NC(=O)c2cccc(C)c2)n1,0.8146672320524775,2.60187518621688
Cc1ccc(N2CC[C@@H](NC(=O)c3sccc3C)C2)cc1,0.9422922083633791,2.4732436144284513
CCOC(=O)C1(C(=O)C(=O)N2CCN(C(=O)c3ccccc3C)CC2)CCCCC1,0.41958036375627195,2.5094454613096193
Cc1ccc(C(=O)NC2C[NH+](Cc3ccccn3)C2)cc1F,0.8741783675276101,3.0506317939113217
Cc1cnc(C[NH+]2CC(CNC(=O)c3ccc(F)cc3)C2)o1,0.8487790499311335,3.2926022653753417
Cc1[nH]nnc1C(=O)NC1(C)CC[NH+](Cc2ccc(F)cc2)CC1,0.7682892032581918,3.9781257904153575
COc1ccc(OCC(=O)N2CCCC[C@H]2CO)cc1,0.8859488404870636,2.2560739270395427
CCn1cc(C(=O)N2CC[NH+](CC3CCCCC3)CC2)cn1,0.8949928389646137,3.5374654244944495
Cc1ncccc1C(=O)N[C@@H](C)CCNC(=O)C1Cc2ccccc2C1,0.839605975381377,2.701756676807136
CCOC(=O)c1ccc(NC(=O)Nc2ccc(N3CCOCC3)cc2)c(C)c1,0.7706414161881074,1.9304338908165093
CCCC[NH+]1CCN(C(=O)c2cccc(N(C)C)c2)CC1,0.872286489846036,3.3760167625442943
CC(C)[C@H](O)CNC(=O)c1cc[nH]n1,0.6428828246972769,3.396747219364533
Cc1ccccc1C[NH+]1CC(NC(=O)c2nccc3cccnc23)[C@H]1C,0.7523797293353348,4.125458400533146
CCOC(=O)[C@H]1CC[NH+](Cc2cccc(F)c2)C1,0.8033472687979115,4.1335923669159715
Cc1ccc(N2C[C@@H](NC(=O)N3CCC[NH+](C4CC4)CC3)C2=O)cc1,0.7691746574846346,4.1661363537624805
CC[NH+]1CCN(C(=O)Nc2cccc(NC(=O)CCc3ccc(F)cc3)c2)CC1,0.6969537778989289,2.920288461836332
COc1ccc(CC(=O)NCCC[NH+]2CCOCC2)cc1,0.6763740211478759,3.2347147427524723
O=CN1CC[C@H](Cc2ccccc2)C1,0.6627487648688825,2.6204872213394523
Cc1ccc(N2CCC(NC(=O)C(=O)NCc3ccccc3)CC2)cc1,0.8317603628557866,1.8771587202328899
COc1ccc(-c2ccc(-c3ccc(OC)cc3)cc2)cc1,0.6700411445951067,1.083987021518487
C[C@@H](Cc1ccccc1)NC(=O)c1ccc2[nH]ccc2c1,0.7531327352572601,2.300674307997177
CC(C)c1ccc(C(=O)NC2CC[NH+](CC3CC3)C2)s1,0.8505533915013749,4.473975444783497
Cc1ccc(CC2(NC(=O)c3ccc(Cl)cc3)CC2)cc1,0.9024417096995923,1.9357351458558973
COc1c(C)cccc1CC(=O)Nc1ccccc1N1CCOCC1,0.9089512701928354,1.9997896977151033
Cc1ccc(NC(=O)N2CC[C@@H](c3ccccc3)C2)cc1,0.885131396753984,2.1129204618433324
CC[C@H](C)[C@@H](NC(=O)c1ccccc1C)C1CCCCC1,0.8338340018738374,2.874094953564219
Cc1ccccc1NC(=O)N1CC[C@@H](c2ccccc2)C1,0.885131396753984,2.1398001591951594
Cc1cccnc1C(=O)N[C@H]1CC[NH+](C2CCCCC2)C1,0.8750909878489194,4.257296253070491
CCc1ccc(NC(=O)Nc2ccc(OCc3ccccc3)c(F)c2)cc1F,0.5702443305138777,1.9022915831242013
Cc1nocc1C(=O)NC1C[NH+](CCC2CCCCC2)C1,0.849325018016541,3.6158928512014006
Cc1ccccc1C(=O)N[C@@H]1CCN(c2ccccc2)C1,0.9370830978499239,2.1150768300652736
CCc1ccc(NC(=O)N2CC[NH+]3CCCC[C@H]3C2)cc1,0.8507207674105997,4.0438475771562405
CC1OCC[C@H]1C[NH+]1CC(NC(=O)c2ccc(F)cc2)C1,0.83547200218224,4.043883741047921
C[C@H]1CCCN(C(=O)N[C@H]2CCC[NH+](CCc3ccccc3)C2)C1,0.8664863546695122,4.084310594180384
Cc1ccc(C(=O)N2CCC(C)(NC(=O)c3ccn([C@@H]4CCCO4)n3)CC2)cc1,0.8621358297993713,3.1319576124591197
CCOc1ccc(COc2ccc(NC(=O)N3CCC[C@@H](C)C3)cc2)cc1,0.7865698775559421,2.281095304946728
CCn1ccc(CC(=O)NC2CC[NH+](Cc3ccccc3)CC2)n1,0.8248946129836754,3.3937317050889195
CCc1ccccc1NC(=O)N[C@H]1CC[NH+](Cc2ccccc2)C1,0.7758670662486944,3.713496519316143
Cc1ccccc1C[NH+]1CC(NC(=O)c2cc[nH]c2C)C1,0.7650847650931824,3.483275171931518
Cc1ccc(C(=O)NCC2CN(c3ccccc3)C2)s1,0.9370096791468884,2.0330874553104668
CCc1ccc(NC(=O)C(=O)NCCOc2ccc(OC)cc2F)cc1,0.5876301841776572,1.91589039568073
CC1(C(=O)N2CCC[C@@H]2CNC(=O)CCOc2ccccc2)CCCC1,0.8145261083479292,2.761454406536865
COc1cccc(C(=O)NCC2CC[NH+](Cc3ccccc3)CC2)n1,0.8337806366706538,3.2343367999279593
Cc1ccc(N2CC(C(=O)N3CCC(C(=O)N4CCCCC4)CC3)CC2=O)cc1,0.7877031031147554,2.5658851379456813
CC[NH+]1CC(NC(=O)c2ccc3c(c2)OCCO3)C1,0.7710214842074814,3.1477848409604148
O=C(NC1CCCCCC1)c1ccccn1,0.7749718243086745,1.7330234344318
Cc1ccc(N2CCCC[C@H]2NC(=O)c2ccc[nH]2)cc1,0.9091719791948188,2.8662397556642656
COc1ccc(C(=O)NCCC(=O)Nc2ccccc2)cc1,0.8605317587232358,1.4402376429010424
Cc1ccccc1C[NH+]1CCC(C)(NC(=O)c2ccc(F)cn2)CC1,0.891443561641755,3.4590365016154294
CCC[NH+]1CC[C@@H](NC(=O)COc2ccccc2)C1,0.7724178199301373,3.95313515635314
Cc1cccc(CCNC(=O)c2ccc3ccnn3c2)c1,0.7976866561546277,2.2814252093350706
Cc1ncoc1C[NH2+]C[C@@H]1CCCN1C(=O)c1cc(C2CC2)no1,0.8594508329002141,4.162796075578274
Cc1cc(CNC(=O)NC[C@H]2CCOC2)cs1,0.8618244453283876,2.915902776778754
COc1ccc(NC(=O)NC2Cc3ccccc3C2)cc1C,0.9128362902095014,1.9287958846592854
Cc1ccc(C(=O)Nc2nc(-c3ccccc3)ns2)cc1,0.7999984929197768,1.8232378196755477
Cc1ccc(CNC(=O)N2CCN3CCCCC3C2)cc1,0.9062336879959634,2.3496102474675435
COCCC(=O)Nc1ccc(OCCC(=O)Nc2cccc(C(F)(F)F)c2)cc1,0.653012624256896,1.9851555198118245
Cc1cc(C[NH+]2CC(NC(=O)c3ccccn3)C2)ccc1F,0.8741783675276101,3.15096057803043
Cc1cccc(OCCCCNC(=O)Cc2ccccc2)c1,0.7571982993665515,1.6193252802636788
Cc1cncc(CC(=O)N[C@@H]2CCC[C@H]2C[NH2+]Cc2ccc(F)cn2)c1,0.7891323633001511,3.9776478421524235
Cc1ccc(NC(=O)NCCC[NH+]2CCOCC2)cc1,0.6839129821189253,3.297387678680563
Cc1ccc(=O)[nH]c1C(=O)NC[C@H](C)CNC(=O)Cc1cccs1,0.7082245056273939,2.9704180792721786
Cc1cc(C)cc(C(=O)N2CCN(c3ccccc3Br)CC2)c1,0.7937725855418729,1.8999201280034193
COc1cccc(C[NH+]2CC[C@@H](C(=O)NCC3=CCCCC3)C2)c1,0.7805782327737788,4.101997837997462
CC1(C)CN(C(=O)NC[C@H]2CCCN(C(=O)OC(C)(C)C)C2)C1,0.84888340082374,2.876616866591805
CCO[C@H]1CCC[NH+](CCC(=O)Nc2ccccc2)C1,0.8175134938073806,3.9530396547115014
O=C(NC1CCCCC1)c1cccnc1,0.8015732883250438,1.6937589929297907
C[C@H](Cc1ccccc1)NC(=O)c1ccc2[nH]ncc2c1,0.7711592271094618,2.3554914580602286
Cc1ccccc1[C@H]1CCCN1C(=O)c1cc(F)ccc1F,0.8117407034591644,2.3707758077587204
Cc1ccc2ccc(C(=O)NC[C@H]3CCCCO3)cc2c1,0.9366715359584181,2.3366970066100414
CCOc1cccc(CC(=O)N2CCC[C@@H]2c2ccc(F)cc2)c1,0.826195256550973,2.3192770120331208
COc1cccc(C(=O)N2CCC[C@@H]2c2ccccc2)c1,0.858726204407862,2.096191584163634
Cc1ccc(N2CC[C@H](NC(=O)c3ccc(Br)cn3)C2)cc1,0.9147315222780029,2.4604593951390825
Cc1ccncc1C(=O)N1CCN(c2ccc(F)cc2)CC1,0.8546321826088874,1.8898728077362072
CC(C)(C)OC(=O)N1CCC(Cc2ccc(F)cc2)CC1,0.8240790262602462,1.8828849997425152
CC[C@@H](F)C[NH+]1CC[C@H](NC(=O)CCCC2CC2)C1,0.6805962424308367,4.7237761303559775
Cc1ccc(CNC(=O)C(=O)NC2CC(Cc3ccccc3)C2)cc1,0.8250352362972976,1.9819931646706834
Cc1cc(C)cc(C(=O)N2CC[NH+](C3CCCCC3)CC2)c1,0.887475355099809,3.405103576966977
CCCC[NH+]1CC(CNC(=O)c2ccc3cccnc3c2)C1,0.8437669590199872,3.1111695110329105
Cc1ccccc1C(=O)NC[C@H](C)CNC(=O)c1ccccn1,0.8587928206423386,2.392458701881358
Cc1cnccc1C(=O)N1CCC[C@@H]1C[NH+]1CCCCC1,0.9030691538381782,4.030764850241818
CC(C)(C)OC(=O)N1CCN(C=O)CC1,0.6035107105106283,2.283517349573147
C[C@H](NC(=O)N1CCCC12CCCC2)c1ccc(F)cc1,0.8767953603512937,3.3089051468862714
Cc1ccc(C(=O)N[C@@]2(C)CC[NH+](CC3CCCCC3)C2)nn1,0.875476753165799,4.337506265522737
CO[C@@H]1CCCN(C(=O)c2csc(C3CCCCC3)n2)C1,0.8587555512712924,2.790564850241818
CC[C@@H](C)CCCC(=O)NCC1C[NH+](C2CCOCC2)C1,0.702158305128744,4.009519833463654
CC[NH+]1CCN(C(=O)Nc2ccc(C3CC3)cc2)CC1,0.8567138495609954,3.2484153905331388
Cc1ccncc1C(=O)N1CCC[C@@H]1CNC(=O)C1=COCCC1,0.9142811381217198,3.229757948487973
COc1ccc(CC[NH+]2CC(NC(=O)C(=O)Nc3ccc(C(F)(F)F)cc3)C2)cc1,0.6145780717662569,2.948918889086663
Cc1ccccc1C[NH+]1CC(CNC(=O)c2ccc(F)cn2)C1,0.8639474454006001,3.1285149209028287
CCc1ccccc1C(=O)NC[C@@H](C)NC(=O)c1cccc(C(F)(F)F)n1,0.8097141044039738,2.730179136707484
Cc1ccc(C[NH+]2CCC[C@H]2NC(=O)c2ccc3ccccc3c2)o1,0.7699819728481594,3.8993837216367435
Cc1ccccc1-c1noc(COc2ccc(Cl)cc2)n1,0.7214036807514261,1.820039585123217
Cc1ccccc1C[NH2+]CC1CCN(C=O)CC1,0.7721248371649223,3.3788148342759374
CCc1cc(C(=O)N[C@H]2CC[NH+](C3CC3)C2)no1,0.7769348432759615,4.624639425739501
Cc1ccc(-c2nsc(NC(=O)C3CCOCC3)n2)cc1,0.9466786472143095,2.2277815775570122
CCOC(=O)c1ccc(NC(=O)NC2CCN(c3ccccc3)CC2)cc1,0.7915531388141765,1.8245833582877253
CCc1[nH]ccc1C(=O)NC[C@@H](C)CNC(=O)Cc1cccnc1,0.689101612522728,3.0340327074885627
Cc1cc(C(=O)N2CC[C@H](Cn3cccn3)C2)ccc1F,0.869621371756747,2.621482845197683
CC(C)[NH+]1CCN(C(=O)N2CCO[C@@H](c3ccccc3)C2)CC1,0.8752969427481826,3.8137456410959896
Cc1ccccc1C[NH+]1CCN(C(=O)N2CCC([NH+](C)Cc3ccccc3)CC2)CC1,0.7403698825478795,4.358712928367911
CC(C)c1noc(CNC(=O)CCc2ccc(F)cc2)n1,0.8878817025635931,2.0743468798845814
Cc1ccc(CC(=O)NCC2C[NH+](Cc3ccc(F)cc3)C2)o1,0.8380836973323871,3.2266884120270873
CC1(C)CC(C(=O)NC[C@H]2CCCN(C(=O)c3ccccn3)C2)CCO1,0.8950273575588197,3.165042494959077
Cc1oc2ccccc2c1NC(=O)N[C@@H](C)CC[NH+]1CCCCC1,0.7893442562907014,4.012635540461216
CCc1cccc(NC(=O)NC[C@@H]2CCC[NH+]2C)c1,0.7459822309633841,3.9664732449312297
CCOc1ccc(N2C[C@@H](NC(=O)COCc3ccccc3)CC2=O)cc1,0.7774776364783343,2.4528142398579718
Cc1ccc(OCCNC(=O)N2CCN(C(=O)c3ccccc3)CC2)cc1C,0.8104245282337139,1.9033283138934323
Cc1ccc(C[NH+]2CCN(C(=O)c3ccccc3)CC2)s1,0.9149441083030552,3.261192674656634
O=C(NC1C[NH+](CCc2ccccc2)C1)c1ccn[nH]1,0.6958943254784261,3.306896166744223
Cc1noc(-c2ccccc2)c1C(=O)Nc1ccc(OCC2CCOCC2)cc1,0.6577275919649833,2.218237591204481
COc1ccc(OCC(=O)NCc2cccc(C3CC3)c2)cc1,0.853499101813591,1.7305901226241822
O=C(NC1CCCC1)c1ccc(F)cc1,0.7927414108325881,1.4606748003781576
COc1cc(NC(=O)NCC(=O)Nc2ccc(C)cc2)ccc1Oc1ccccc1,0.537778748234876,1.8399568592140412
CC(C)(C)C(=O)N1CC[C@H]2C[NH+](Cc3ccc(C(N)=O)cc3)C[C@@H]2C1,0.8473334734350261,4.2852948362093395
CC(C)CC[NH+]1CC(NC(=O)COc2ccccc2)C1,0.7618193111176986,3.045312223962865
Cc1ccccc1C(=O)NCCC[NH+]1CCN(C(=O)c2ccccc2)CC1,0.7540385659443991,2.9268543642048854
CC[NH+]1CCC[C@@H]1CNC(=O)NC1CCN(C(=O)Cc2ccccc2)CC1,0.6832244984348637,3.8427145630474957
CCc1cc(NC(=O)c2ccc(N3CCOCC3)cc2)ccc1OC,0.906833735256789,1.8423993130997207
O=C(Nc1cccc(NC(=O)[C@@H]2CCCO2)c1)c1ccc(N2CCCC2=O)cc1,0.816722933991817,2.525350959473551
Cc1ccc(C(=O)NCC2(NC(=O)c3cccc(F)c3)CC2)cn1,0.8844561957271793,2.265423389523887
CCN1CC[C@H](NC(=O)N2CCC[C@@H]2c2ccc(F)cc2)C1=O,0.9292194676765295,2.9942899126448452
Cc1csc([C@@H](C)CNC(=O)CCc2ccsc2)n1,0.8873044886006435,2.9213673990592604
CCOCCC1C[C@H]1C(=O)N[C@@H](C)CNC(=O)c1occc1C,0.6803781420894782,3.6061737994279355
Cc1cc(Oc2ccc(F)cc2)ccc1NC(=O)N1CCN(C(=O)c2ccccc2)CC1,0.6355972689810235,1.9487438494193494
O=C(NCCO)C(=O)N[C@H](Cc1ccccc1)c1ccccc1,0.7013034121850541,2.3178029837533316
Cc1ccc(C(=O)NCCCNC(=O)CC2CCCCC2)cc1,0.7589862195805795,1.8176950177290792
CC(C)N1CC[NH+](CCNC(=O)c2ccccc2)CC1,0.7957599894350293,3.262640491747712
COc1cccc(NC(=O)NCCc2ccccc2)c1,0.8769465849732192,1.4839330367707468
CCOC(=O)c1cc(C(=O)NCc2ccccc2)cs1,0.86110759098111,1.8856502083469042
Cc1ccc(NC(=O)NCc2ccc(OCc3ccccc3)cc2)cc1,0.6671172937351849,1.5797185582895708
CCOC(=O)[C@@H]1CCN(C(=O)Nc2ccc(C(F)(F)F)cc2)C1,0.8664633042350958,2.3992846021349514
CCn1nc(C(=O)N[C@@H]2CCC[C@H]2C[NH2+]Cc2ccccn2)cc1C,0.7954515433422918,3.9310191273269437
CCC[C@H](C)C(=O)N1CC(NC(=O)c2ccccc2)C1,0.8932278925302276,2.3926465586184893
Cc1cccc(C(=O)NC[C@H]2CCN(C(=O)OC(C)(C)C)C2)c1,0.9318598343344316,2.391708777959126
O=CN1CCC[C@@H](n2cccn2)C1,0.6259314604450736,3.393453752102274
CC[NH+]1CCC(NC(=O)c2ccc(C(C)C)cc2)C1,0.8392644031695197,3.9027213339491293
CC(C)(C)OC(=O)C(=O)NC[C@H]1CCCCS1,0.6059207779479713,3.2942836995826568
Cc1ccc(C(=O)N[C@H]2CC[NH+](C[C@H]3CCCCO3)C2)cc1,0.8696478045585531,4.085410508640859
CCOC(=O)c1csc(N[NH+]2CC[C@H](CN)C2)n1,0.6296829749603392,4.558718158771176
CCC(CC)[NH+]1CCC(NC(=O)c2ccc(Br)cc2)CC1,0.8367064802645027,3.4252386660645033
Cc1ccccc1[C@H](C)CNC(=O)CC1CCCC1,0.8559857111406172,2.4344981682900304
CC(C)c1ccccc1C(=O)NC[C@@H]1CCCN1C(=O)c1cn[nH]n1,0.8696290238183977,2.9460351304979504
O=C1O[NH+]2CCN(CC2)C2CCN(CC2)C(=O)C2CCN1CC2,0.618398768446802,5.458094091031187
Cc1ccc(C[C@@H](CO)NC(=O)CCc2ccccc2)cc1,0.8252055809463176,2.153507746787433
CCc1cccc(C(=O)N2CC[C@@H](Cc3ccccc3)C2)n1,0.8661359225764882,2.451243735798423
Cc1cc(C)cc(NC(=O)CCc2ccc(F)cc2)c1,0.8938964140622144,1.625920740446384
Cc1ccc(C(=O)NC2CC[NH+](C3CCOCC3)CC2)s1,0.8751198146775838,3.732322813370379
COc1ccc(CN2CC[C@H](NC(=O)c3ccc(C4CC4)cc3)C2=O)cc1,0.8568373450090179,2.4504420197703674
Cc1ccc(C(=O)NCCC(=O)NC2CC[NH+](Cc3ccccc3)CC2)cc1,0.6813693966327398,2.922802416457534
CCCC[NH+]1CC[C@@H](NC(=O)c2ccc3[nH]ccc3c2)C1,0.7634538352415506,4.163044802881337
Cc1cccnc1C(=O)N1CCC(C)(NC(=O)CC2CCC2)C1,0.9271414088179868,3.0614786612008835
Cc1ccsc1C(=O)NC[C@H]1CCC[NH+](C(C)C)C1,0.8612299809710334,4.291024962396154
CCn1ncc(C)c1C(=O)N1CCC(Cc2ccccc2)CC1,0.8686385472966986,2.1959194932535535
COc1ccccc1CNC(=O)C(=O)NC1CC[NH+](Cc2ccc(F)cc2)CC1,0.6288914973889402,3.0976626972394836
CCOc1cccc(NC(=O)C(=O)N2CCN(c3cccc(C(F)(F)F)c3)CC2)c1,0.7692423364285444,2.144844911859069
CCc1[nH]ccc1C(=O)NCCCC[NH+]1CCCCC1,0.6440687168605549,3.930056644197804
CCC(C)(C)C(=O)NCc1nc(-c2cccc(F)c2)no1,0.919315007304486,2.272826113800871
Cc1cc(C)cc(C[NH+]2CC(NC(=O)c3ccccn3)C2)c1,0.8803009129367977,3.1354372529683943
C[C@H]1CCN(C(=O)OC(C)(C)C)C1,0.5790557002768643,2.3285147666295423
CCc1nnc(C[NH2+]C[C@@H]2CCCN2C(=O)C2CCCCC2)o1,0.8558457235963053,3.700738825523503
CCc1ccc(C(=O)NCCC[NH+]2CCOCC2)cc1,0.7338150552685244,3.2649017370360003
CC1CC[NH+](Cc2nncs2)CC1,0.7431815440515486,4.690330438267936
CCc1occc1C(=O)NC[C@H]1CC[NH+](Cc2ccccc2)C1,0.8521994288666911,4.132363002815295
CCOC(=O)N1CCC(NC(=O)c2ccc(C)s2)CC1,0.931547135655624,2.0838303558309974
Cc1ccc(NC(=O)NCc2cccc(F)c2)cc1,0.8693737524755335,1.5066361230116971
CC[C@@H](C)CC(=O)NCC1CN(C(=O)c2ccc(F)cn2)C1,0.8721376617589355,2.8313356588753464
COc1ccc(NC(=O)C(=O)N2CCN(c3cnc(-c4ccccc4)n3-c3ccccc3)CC2)cc1,0.43845147715945565,2.397036669902864
Cc1ccccc1N1CC[NH+](Cc2nc(-c3ccccc3)no2)CC1,0.7916133647278005,3.095651651977059
Cc1ccccc1C(=O)N1CC[NH+](Cc2ccccc2)CC1,0.91258164327351,2.989361097571372
COC(=O)C1CCCN(C(=O)NC2CCCCC2)CC1,0.790637909932461,2.4040480161083675
Cc1ccc(NC(=O)N[C@@H](C)CNC(=O)c2ccccc2)cc1,0.7943190540465411,2.1349159799878663
CCc1ccc(C(=O)NC[C@@H](C)CNC(=O)C2CCCCC2)o1,0.8112320127603925,2.6937147965559145
CCC[NH+]1CC(NC(=O)c2ccc(-n3cccn3)cc2)C1,0.8289021766123917,3.179727466586016
CC[C@H](C)CN1CCC(NC(=O)c2cccc(I)c2)C1=O,0.7732545983728455,3.0679637662243815
COc1ccccc1C(=O)N1CCCN(c2ccc(F)cc2)CC1,0.8673962176104921,1.7195705966321597
Cc1nocc1C[NH+]1CC(NC(=O)c2cc(-c3ccsc3)no2)C1,0.7174756349471942,3.8318214327525597
Cc1[nH]ncc1C(=O)NC[C@H](C)CNC(=O)[C@@H](C)c1ccc(F)cc1,0.7177746684639222,3.0964927059222624
COc1cc(C(=O)NC2CC(OCc3ccccc3)C2)ccc1C,0.8843367859688587,1.920440722542054
CCc1ccc(C(=O)c2cccc(NC(=O)OC(C)(C)C)c2)cn1,0.8540910351821185,2.0832432935005087
Cc1ccc(Cc2cc(C(=O)N[C@@H](Cc3ccccc3)C3CC3)no2)cc1,0.6823977000911999,2.6737349499171437
CCc1ncoc1C(=O)NC1(C)CCC(NC(=O)[C@]2(C)CCOC2)C1,0.84565191305496,4.327234520872503
Cc1ccc(N2CCN(C(=O)c3ccc(Cl)cc3)CC2)cc1,0.8451433329239507,1.5752244560878559
O=CN1CC[NH+](CCc2ccccc2)CC1,0.683982865297829,3.717533745397432
CCCCCC(=O)OCC(=O)N1CC[C@@H](c2ccccc2)C1,0.5741176331956737,2.318153900633588
CCOc1ccc(C[NH+]2CC(NC(=O)CCC3CCCCC3)C2)cn1,0.7536145664748619,3.2110608515612586
CC1(C)C[C@H]1C(=O)N1CC[NH+](Cc2ccccc2)CC1,0.8715929700871589,3.9879356245525557
Cc1ccc2ccccc2c1C(=O)NC[C@H]1CCCOC1,0.9382541818460974,2.5093925929908725
Cc1ncc(C(=O)N[C@H]2CCN(C(=O)c3cccs3)C2)o1,0.9360354500727033,2.9466782298130685
CCOC(=O)N1CCN(C(=O)c2ccccc2)CC1,0.8131268100703103,1.5887489435245161
COc1ccc(NC(=O)N2CCC(C[NH+]3CCCC3)CC2)cc1C,0.8849006258975463,3.2528956802441984
CCc1cccnc1C(=O)NC[C@H](C)NC(=O)Cc1ccc(C)nc1,0.8052248691738831,2.806483757645452
Cc1cc(C)cc(NC(=O)NCc2cn(-c3ccccc3)nn2)c1,0.7748749900475578,2.0855244427860047
Cc1ccc(NC(=O)c2ccc(NC(=O)C(=O)Nc3ccc(F)c(C)c3)cc2)cc1,0.5666343125292156,1.8430317250458828
CC[NH+]1CC[C@@H](C(=O)N2CC[NH+](C3CCOCC3)CC2)C1,0.621530946835683,5.6223885607628
Cc1cccc(C(=O)N[C@H]2CC[NH+](C(C)(C)C)C2)n1,0.8186414743153447,4.19883931988192
CCn1nccc1C(=O)NC[C@H](C)CNC(=O)c1ccc2[nH]ccc2c1,0.6078284368869245,2.926004493854954
Cc1ccc(C(=O)NC2C[NH+](CCc3cccc(F)c3)C2)cc1,0.8588766115756123,2.853715630962
CCc1noc(CCC[NH+]2CC(NC(=O)c3ccc(CC)o3)C2)n1,0.7310810744683847,3.5377916275194305
Cc1ccc(CNC(=O)N2CC[NH+](CCc3ccccc3)CC2)cc1,0.8545338930883922,2.9688548188952932
CC(C(=O)NC1C[NH+](Cc2ccccc2)C1)c1ccccc1,0.8581989137257653,3.330136318216005
Cc1ccccc1NC(=O)c1ccn(-c2ccccc2)n1,0.796889048564701,1.7123414766742862
CCOC(=O)c1cc(NC(=O)C(=O)N2CCOC[C@H]2Cc2ccc(Cl)cc2)cs1,0.5749564913590756,3.085882063735144
CC(C)(C)OC(=O)N1CCC(CNC(=O)Nc2ccc(N3CCOCC3)cc2)CC1,0.7840178095422378,2.206462449027782
C[C@H](NC(=O)C=CC1CCOCC1)c1ccccc1,0.8443586354845696,2.717962084373946
Cc1cocc1C(=O)N1CCC(OC2CCCCC2)CC1,0.8551240419335976,2.663075146283367
CCc1occc1C(=O)N[C@@H]1CC[NH+](C2CC2)C1,0.8107784327749964,4.6877588827530765
COc1cc(NC(=O)N2CCN3CCCC3C2)ccc1C,0.9084868604683273,2.4225343836592206
Cc1cc(C(=O)NC2(C)CCN(C(=O)c3ccccn3)CC2)no1,0.9279807639351788,2.522269908062416
CCc1nc(C2CCN(C(=O)C3CCCCC3)CC2)no1,0.8588354638770646,2.286639080709598
CCn1nc(C(=O)NCC2CC(c3ccccc3)C2)c2ccccc21,0.7675277620855331,2.1658608515612574
Cc1ccc(-n2cc(C(=O)N3CCC(c4nc(-c5ccc(F)cc5)no4)CC3)cn2)cc1,0.4789932513115857,2.3445215438847704
Cc1cccc(Cn2cc(NC(=O)NCCC(C)(C)c3ccccc3)cn2)c1,0.6262179745358912,2.2425279292780456
CC(C)C[NH+]1CC[C@H](CNC(=O)c2ccc(F)cc2)C1,0.8317909371826196,3.976213631596684
CC1(C)C[C@H]1C(=O)N1CCCCCC1,0.6290275469840965,2.522603089809877
COc1cccc(C(=O)N2CC[C@@H](c3ccccc3)C2)n1,0.8689890188502487,2.4168389990438364
CCc1ccc(N(C)C(=O)N2CC[NH+](CC(=O)OC(=O)NCc3ccccc3)CC2)cc1,0.5274030322902769,3.3057404406207898
COc1ccc(N2CCOCC2)cc1NC(=O)NCc1ccc(-c2ccccc2)cc1,0.6190386706099369,1.967310973255822
O=CC(=O)N1CCC(c2nc(-c3ccccc3)no2)CC1,0.6326764772673449,2.3164378196755475
Cc1cccc(C(=O)N[C@@](C)(CNC(=O)c2cocc2C)C2CC2)n1,0.8457796682065214,3.452987083015733
Cc1ccc(CNC(=O)c2ccc(F)c(Br)c2)cc1,0.9142374436378891,1.6122768099976668
CC(C)c1ccc(Nc2ccc(C(C)(C)C)cc2)cc1,0.7350389091154909,1.668949641545284
Cc1ccc(C(=O)N2CCC[C@@H](NC(=O)CCc3ccc(N(C)C)cc3)C2)cc1,0.8182469868579908,2.4417184614837364
CCc1cc(C(F)(F)F)ccc1NC(=O)Nc1ccc(CNC(=O)c2ccccc2)cc1,0.4496770340305362,2.0107078962420903
COc1ccc(CNC(=O)C(=O)N2CC[C@H](c3ccc(N4CCOCC4)c(F)c3)C2)cc1F,0.6959778186471486,2.883581595859212
CCOC(=O)C1CCCN(C(=O)C(=O)Nc2ccc(C(C)C)cc2)CC1,0.6615799783605317,2.472924868075326
Cc1ccc(O[C@H](C)CNC(=O)c2ccoc2C)s1,0.9143411817263815,3.1484864121216694
Cc1ccccc1CC[NH+]1CC(NC(=O)c2ccc(F)cn2)C1,0.8562358322834357,3.1467428498969108
Cc1c(C(=O)N2CCC[NH+](CC3CCCCC3)CC2)cnn1C,0.9044861795488149,3.9033176690680174
Cc1cccc(CNC(=O)NC2([NH+]3CCCC3)CCCC2)c1,0.7793673800583516,3.5630699918021413
Cc1ccc([C@@H]2CCCN(C(=O)OC(C)(C)C)C2)cc1,0.771617717378625,2.3105992858912145
CCOC(=O)N1CCC(C)(NC(=O)c2ccc(F)c(F)c2)C1,0.9316006056931352,2.8463748896445757
CCOc1cccc(C(=O)N2CCN(C(=O)Cc3ccc(OC)cc3)CC2)c1,0.7706716457480619,1.8331542754318928
CC[C@H](C)C[NH+]1CCC(NC(=O)NCC2CCN(c3ccccc3)CC2)CC1,0.6723529068625083,3.672587538658944
CCc1ccccc1C(=O)N1CCC([NH+]2CCCC2)CC1,0.8958647762261924,3.4377833430046785
CCCCCC(=O)NCC[C@H](C)NC(=O)Cc1cccs1,0.6528883976039785,2.539717747414109
Cc1ccc(C(=O)NC[C@@H](NC(=O)CCc2ccc(F)cc2F)C(C)C)[nH]1,0.6613321265624895,2.977682878911226
CCCCC[NH+]1CCN(C(=O)N[C@H]2CCO[C@H](C)C2)CC1,0.7323920315969393,4.4798392038901635
CCOC(=O)c1cccc(C(=O)N2CC[C@H](c3ccc(C(N)=O)cc3)C2)c1,0.8238084996110441,2.390083081340375
COc1ccc([C@@H](CNC(=O)[C@H](O)c2ccccc2)c2ccc(F)cc2)cc1,0.6562226181681724,2.6899871665821955
O=CNC1CC[NH+](CC2CCOCC2)CC1,0.6179835219564906,4.331914105462898
CCOc1ccc(CCN)cc1,0.7348927187384291,1.4786569460232215
Cc1[nH]ncc1C(=O)N1CC[NH+](Cc2ccccc2)CC1,0.8497691119234365,3.4309669495620554
CCc1ccc(NC(=O)NCCc2ccc(Cl)cc2)cc1,0.8507490504147368,1.5705159281244772
Cc1ccc(C(=O)NC[C@H]2CCN(C(=O)C(C)(C)C)C2)c(C)n1,0.9304167703434262,2.7206989232976593
CC(C)Oc1ccc(NC(=O)N2CCOCC2)cc1F,0.9262718727285293,1.961222663523305
CC(C)CCC[NH+]1CC(NC(=O)c2cnc3ccccc3n2)C1,0.8383571297602195,3.222004151672059
COc1ccc([C@@H](CNC(=O)NC2CCC(C)CC2)OC)cc1,0.8455892726398838,2.600102015490826
Cc1ccc(-c2ccc(F)cc2)cc1CN(C)Cc1ccccc1,0.6056282220786298,1.7449050447926933
COC(=O)c1cccc(NC(=O)NCCCOc2ccc(F)cc2)c1,0.596163855948283,1.7584830888310297
Cc1ccc(C[NH+]2CCCN(C(=O)C3CCOCC3)CC2)cc1,0.903731283987911,3.7182449104833184
CCc1ncncc1C(=O)NC1C[NH+](CC2CCCCC2)C1,0.8380701722481835,3.487343137406537
CCc1ccccc1C(=O)N[C@]1(C)CC[NH+](Cc2ccccn2)C1,0.8779069371494278,4.019678956009885
CCc1noc(C[NH+]2[C@H]3CC[C@H]2CC(NC(=O)C2=CCCCC2)C3)n1,0.8443771562827581,5.331160464209596
CC(C)[NH+]1CCN(C(=O)NC2(c3ccccc3)CCCC2)CC1,0.8761042410683876,3.456509003743065
Cc1ccccc1C(=O)N1CCC[C@H]1CNC(=O)CCc1cnn(C)c1,0.8636141164938105,2.6803494002998587
Cc1ccccc1C(=O)NCCc1noc(-c2ccccc2)n1,0.7864787023692971,1.879506477910688
CCOc1ccc(OCC(=O)N2CCN(c3ccc(F)cc3)CC2)cc1,0.796246836248517,1.779331027925199
CCc1ccccc1C(=O)Nc1nc(-c2cccs2)ns1,0.7889572991817534,2.2510045283766846
Cc1ccc(NC(=O)[C@@H](C)NC(=O)NCc2ccc(Cl)cc2)cc1C,0.7598206888216251,2.2341643405408167
Cc1ccc(C(=O)Nc2nc(CNC(=O)OCc3ccccc3)cs2)cc1,0.6727227931328812,1.9257383878735244
O=C(NCc1ccc(C2CC2)cc1)c1ccccc1,0.8850344278755555,1.4595418106573845
Cc1cc(C(=O)N[C@@H]2CCCC[C@H]2c2ccccc2)nn1C,0.9455043637629644,2.861530808776619
Cc1cc(C(=O)NC2(C)CC[NH+](Cc3ccccn3)CC2)no1,0.873018596280641,3.6859125002465616
CCc1ccc(F)cc1C(=O)N1CCC2(CCCC2)C1,0.8037491406619117,2.749380809630633
Cc1ccccc1C[C@@H]1CC(=O)N(Cc2ccccc2)C1,0.8373176943598395,2.404232189459977
Cc1cccc(C(=O)NC[C@@H](C)NC(=O)CCc2cccnc2)c1,0.8200947190883738,2.406260309298517
Cc1ncoc1C(=O)NC1(C)CCN(C(=O)Cc2cccnc2)C1,0.9148427551405919,3.311098318348291
CCc1cccc(C(=O)N2CC[NH+](Cc3cncs3)CC2)c1,0.921657078897326,3.493454126417525
Cc1cccc(Cc2occc2C(=O)N2CCOCC2)c1,0.8704122400881042,2.2110776683514644
CCOC(=O)c1ccc(C(=O)NCCN2CC[NH+](C)CC2)s1,0.6911083136722797,3.325301520958469
Cc1cccc(C(=O)N[C@@H](C)CNC(=O)c2ccccn2)c1,0.8856898013218062,2.3257065769894893
Cc1cc(NC(=O)N2CCC[C@H]2c2ccccc2)ccc1Cl,0.8292331455103137,2.2613560984357868
Cc1ccccc1C(=O)Nc1ccc(-c2ccc(F)cc2)nc1,0.7765549444021351,1.6869285841626436
CCc1ccc(C(=O)NCCC[NH+]2CCCN(C(=O)OC(C)(C)C)CC2)cn1,0.7167923605262335,3.78901416587788
CC(C)C1(NC(=O)NCc2cccc(F)c2)CCCCC1,0.8654832514555494,2.4416642201714147
C[NH+]1CCC(CCc2ccccc2)(C(=O)N2CCOCC2)C1,0.8726377545054014,3.9049717771832126
Cc1ccc(C(=O)NC(C(=O)[O-])c2ccccc2)cc1,0.9059495815344841,2.464777108069038
Cc1ccc(C(C)(C)NC(=O)CNC(=O)NC[C@@H]2CCCO2)cc1,0.7428833748323201,2.707055966757828
C[C@H]1CCCN(C(=O)c2ccn(Cc3ccccc3)n2)C1,0.8684624763370198,2.387289944819372
CCOc1ccc(NC(=O)N2CC[C@H](C)C2)cc1,0.8931379990829145,2.125773700531184
CC(C)(C)OC(=O)c1cccc(NC(=O)N2CCN(c3ccc(F)cc3)CC2)c1,0.788484279633809,1.9958939813502852
CC1(C(=O)N2CC[NH+](CC3CCCCC3)CC2)CCCC1,0.8441062403215014,3.7089840996251073
CC(C)(C)OC(=O)N1CCC[C@H]1C[NH+]1CC(c2ccccc2)C1,0.9258794906541422,3.553473613123961
Cc1ccc(C(=O)NCC2(c3ccccc3)CCCC2)cc1,0.8973886218241982,1.8687918668021428
Cc1cc(C(=O)NC[C@@H](C)C[NH+](C)Cc2ccccc2)c[nH]1,0.7112184525713234,4.003906384813485
CCOc1ccc(C[NH+]2CCN(c3ccccc3)CC2)cc1,0.9088297909383177,2.9713444222755143
COc1cccc(-n2cc(NC(=O)C(=O)N3CC[NH+](Cc4ccccc4)CC3)cn2)c1,0.5971735301307943,3.2349175497562435
C[C@H](c1ccccc1)[NH+]1CCC(NC(=O)c2ccc(F)cc2F)CC1,0.8771271972307089,3.5133120535748743
Cc1cc(-c2ccccc2)ccc1NC(=O)NCCO,0.7996797226082643,1.6743190342578345
Cc1ccc(C(=O)NC[C@@H]2CCCN2C(=O)c2ccccn2)cc1,0.9397630680381355,2.3893425638725887
COC(=O)[C@@H]1CCC[C@H](NC(=O)CCc2ccccc2)C1,0.8472066153468576,2.5803822808132413
CCc1ccc(C[NH+]2CCN(C(=O)CN(Cc3ccc(F)cc3)[NH+]3CCOCC3)C2)cc1,0.6004539672662363,4.51842114085872
CCOC[C@@H](C)CNC(=O)N1CCN(c2ccc(F)c(F)c2)CC1,0.8645126336468568,2.6762286418439363
Cc1nc(C)c(C(=O)NCC2(O)CCCCCC2)o1,0.821537422764381,2.6189627316232116
CCN(CCNC(=O)c1ccoc1C)c1ccccc1,0.8791775065203818,2.0526542569299
Cc1ccc(CNC(=O)Cc2ccc(F)cc2)cc1,0.895972607820903,1.456192533268105
CCn1ccc(C[NH2+]C[C@@H]2CCCN2C(=O)CC2CCCC2)n1,0.8286482089871369,3.7509032342491047
CCc1ccc(N(C)C(=O)NCCOc2ccc(C3CC3)cc2)cc1,0.7626143720446311,2.0324516695460897
COc1ccc(NC(=O)Cc2cccc(F)c2)cc1,0.9161689781941157,1.4520335589091324
COc1ccc(NC(=O)C(=O)N2CC[NH+](C[C@@H](c3ccccc3)c3ccc(F)cc3F)CC2)cc1,0.5332563369707579,3.554068826016378
C[C@@H]1CCCN(C(=O)CC[NH2+]Cc2nc(-c3ccccc3)no2)C1,0.813988442873279,3.3902147760082784
Cc1ccc(-c2nsc(NC(=O)C(=O)NCc3ccc(F)cc3)n2)cc1,0.6918837716546096,2.1381991360333075
CCc1noc(C)c1C(=O)N1CCC(C(=O)N2CCN(C(C)=O)CC2)CC1,0.7880605210802935,2.3410958079918682
CCCC[NH+]1CC(N(C)C(=O)c2ccc3[nH]ncc3c2)C1,0.8504872985255907,3.4849249763643737
Cc1cccc([C@@H]2OCC[C@H]2NC(=O)N2CCC[C@@H](CO)C2)c1,0.898308544771012,3.3953794812461178
CCc1cccc(C(=O)N2CCC(C[NH+](C)CC3CCOCC3)CC2)n1,0.8350165176199796,3.714531329613788
CCn1nccc1C(=O)N1CCC[C@H](C(=O)N(C)Cc2ccc(F)cc2)C1,0.8104938350532814,2.7349124335670965
COc1cccc(OCC2CCN(C(=O)c3ccc(F)cc3)C2)c1,0.8440493998596902,2.2593612929695777
CCc1cccc(CNC(=O)C[C@H]2CCCO2)c1,0.8675371861079151,2.329514946615415
CCc1noc(CNC(=O)N2CC[C@H](c3ccccc3)C2)n1,0.940414634880528,2.6601908511830388
CC(C)C[NH+]1CC[C@H](NC(=O)c2ccc(F)cn2)C1,0.8212305604383964,4.360404643092816
Cc1ccc(CNC(=O)C(=O)Nc2ccc(C[NH+]3CCCC3)cc2)cc1,0.7130931189143915,3.013387027925199
C[C@@H](NC(=O)C(=O)NCC1CCCCC1)c1ccccc1,0.8365810970218643,2.3115597682746056
COc1ccc(C(=O)N2CCC[C@H](n3cccn3)C2)cc1,0.8695364293085814,2.498342908249384
Cc1cc(C(=O)NC[C@@H](C)CNC(=O)c2cccc(F)c2)no1,0.8517488742297452,2.600514238123962
Cc1cccc(OCCNCc2ccc(F)cc2)c1,0.8036264423951265,1.6145306218461961
CCOC(=O)N1CCC([NH+]2CCOC[C@@H]2c2ccccc2)CC1,0.912173681192524,4.117340959187282
CCOC(=O)c1ccc(Cc2ccc(NC(=O)C(N)=O)cc2)cc1,0.6471461275343005,1.8218856168487996
CC[NH+](CC1CCCCC1)C1CCN(C(=O)C(C)C)CC1,0.8254636252009379,3.8723865870490517
COc1ccc(N2CCN(C(=O)c3ccccc3NC(=O)Nc3ccc(C)cc3)CC2)cc1,0.6027807235097319,1.916958778191642
CCc1ncccc1C(=O)NC1(c2ccccc2)CCC1,0.9316484077017168,2.227845928124477
O=C(NC1CCCCC1)N1CC[C@H](c2ccccc2)C1,0.8774883742853387,2.3156272105089712
COc1ccc(C2CC(NC(=O)C(=O)NCc3ccc(F)cc3)C2)cc1,0.809217517925188,2.0111348635416366
Cc1ncc(C[NH+]2CC(NC(=O)c3ccc(F)cc3)C2)s1,0.877126984585385,3.2311202827529
COc1cccc(C(=O)NC2(Cc3ccccc3C)CCCC2)c1,0.8912282770092286,2.1235090581706206
Cc1cccc(CNC(=O)NC[C@@H](C)C(=O)NCc2ccccc2F)c1,0.7130623184882888,2.4512318227644734
COc1ccccc1CC[NH+]1CCC([NH+]2CCOCC2)CC1,0.7453394083303196,4.517610457778472
CC[NH+]1CCN(C(=O)C(=O)Nc2ccc(C(=O)N3CC[NH+](C)[C@H](C)C3)cc2)CC1,0.49840795681180583,4.733603752842468
CC[C@@H](CNC(=O)C1CCCCC1)Cc1ccccc1,0.8350794845185568,2.283298707159604
Cc1cc(C)cc(NC(=O)N2CCN(C(=O)NCCc3ccc(F)cc3)CC2)c1,0.8273844546991722,2.051009386812032
CCC[NH+]1CCN(C(=O)c2csc(-c3ccccc3)n2)CC1,0.9294487349401102,3.3207882610329102
CC(C)C[NH+]1CCC[C@H]1CNC(=O)c1cnc2ccccc2n1,0.8677555177085342,4.145097174613646
Cc1ccccc1C(=O)NCCCNC(=O)NCc1ccc(F)cc1,0.6767029334401877,1.7796618537281041
NC(=O)c1cccc(-n2cccn2)c1,0.761047579454739,1.9021813549229059
CC(c1ccccc1)C1CCCN(C(=O)c2cccs2)C1,0.8221129495000418,2.836392596071752
Cc1ccc(C[NH+]2CC(NC(=O)c3ccon3)C2)c(C)c1,0.8597341466780003,3.47356878340479
CC(C)C[C@H](CO)NC(=O)c1ccnn1-c1ccccc1,0.8537534447685854,2.7073406939590896
Cc1ccccc1C(=O)N1CCC(NC(=O)C(C)(C)c2ccccc2)CC1,0.8993656395122187,2.044354099489844
Cc1cncc(C(=O)NC[C@H]2CCN(C(=O)C[C@@H]3CCCO3)C2)c1,0.8882395274615992,3.0692468489864737
Cc1[nH]ncc1C(=O)NCC1CC[NH+](Cc2ccccc2)CC1,0.7693050943247012,3.403000852193122
Cc1ccc(C(=O)NCC2(NC(=O)c3cccnc3)CCCC2)nc1,0.8757206301747927,2.4379358515612566
Cc1ccccc1CNC(=O)N[C@@H]1CC[NH+](C2CCCC2)C1,0.7732640191893794,4.060236921413981
CCc1nc(C(=O)N[C@@H]2CC[NH+](Cc3cnc(C)o3)C2)cs1,0.8453262662696632,4.604612127457938
Cc1ccc(CNC(=O)N2CC[C@H](C)O[C@@H](C)C2)cc1,0.9020741467848404,2.7217990711571236
Cc1ccccc1C(=O)N1CC[C@@H](NC(=O)c2ccc(F)cc2)C1,0.9427682880346004,2.2022290875790613
Cc1cc(C(=O)NC2CCN(c3ccccc3)CC2)no1,0.9403750520160179,1.9606416027776916
CCOC(=O)CC[C@H]1CCC[C@H]1NC(=O)C(=O)NCc1ccccc1,0.583556147151274,2.853195292007335
Cc1nc(C)c(NC(=O)C[NH+]2CCC(NC(=O)OC(C)(C)C)CC2)s1,0.7462020108946272,3.676924086855376
CCc1cc(C(=O)N2CCN(c3ccccc3)CC2)co1,0.8693659463825989,2.094842611604932
COc1cccc(CN(C)C(=O)C(=O)Nc2ccc(N3CCOCC3)cc2)c1,0.8012546790751724,2.1098558138934305
Cc1cc(CNC(=O)COC(=O)c2ccc(CO)cc2)no1,0.7703964791357127,2.0124226127698837
CCc1ccc(OCC(=O)N2CCN3CCCC3C2)cc1,0.8485673858586681,2.3488838918559427
CCc1ccc(C(=O)NCC2CCCN2C(=O)Cc2ccc[nH]2)o1,0.8520461073751321,3.0684602896250963
CC(=O)N1CC[NH+](Cc2ccc(-n3cccn3)cc2)CC1,0.8702602625033471,3.4534408461572648
COc1cccc(C(=O)NCCC[NH+]2CCOCC2)c1,0.7049744696965575,3.271660092473665
COc1ccc(C(=O)N2CC[C@@H](c3ccccc3)C2)cc1,0.8634003108575989,2.04147884771975
Cc1cccc(C[NH+]2CC(NC(=O)[C@H]3CCCOC3)C2)c1,0.8373987869880709,3.7175882298130665
Cc1ccc(-n2cc(NC(=O)N3CC[NH+](CCc4ccc(F)cc4)CC3)cn2)cc1,0.6807719333961022,3.172737162711666
Cc1cnc(C(=O)NCCCNC(=O)c2ccccc2C)c(C)c1,0.8019353591395051,2.0089554216708443
CC(C)NC(=O)c1cccc(NC(=O)N2CCN(c3ccc(F)cc3)CC2)c1,0.8500145571881085,1.9022340295701596
Cc1ccc(C(=O)NCC2CCN(C(=O)c3ccccn3)CC2)nc1,0.925881173755241,2.1435243130997197
Cc1nc(C[NH+]2CCC[C@H]2CNC(=O)c2ccc(F)cc2)co1,0.86782345683992,4.212446125662597
Cc1ccc(C(=O)NC2C[NH+](Cc3ccc(OC(C)C)cc3)C2)o1,0.845820604742686,3.1424139750577567
COC(=O)N1CC[C@H](CNC(=O)C2(c3ccccc3)CCC2)C1,0.9271628254251801,2.6716376367926014
CCCC[NH+]1CC(NC(=O)C(C)(C)c2ccccc2)C1,0.8020892676356125,3.336648382804025
CCc1ccc(C(=O)NCC2CN(C(=O)c3ccncc3)C2)cn1,0.9051171709741201,2.244013120732099
CCc1occc1C(=O)NC1CC[NH+](C[C@H]2CCOC2)CC1,0.8399511572743285,4.273562005029192
Cc1ccc(C(=O)NC2(c3ccc(F)cc3)CCCCC2)cn1,0.9261035180400115,2.2205446680787286
Cc1cccc(NC(=O)N2CCO[C@@H](c3ccccc3)C2)c1,0.9196728736842701,2.329562005029194
Cc1ccc(C(=O)NC[C@H](C)CCNC(=O)[C@@H]2CCOC(C)(C)C2)cn1,0.7817440547027609,3.2229954575370385
Cc1cc(NC(=O)c2ccccc2)nn1-c1ccccc1,0.796889048564701,1.7211508083262412
Cc1cccc(CCNC(=O)N2CC[NH+](CCc3ccc(F)cc3)CC2)c1,0.7998345865442203,3.0714614647966005
CCc1nc(C(=O)Nc2ccc(C)cc2C)c(C)o1,0.9173782283025792,2.0927353340570622
CCOC[C@H](NC(=O)NC1CC[NH+](Cc2ccccc2)CC1)c1ccc(F)cc1,0.6376377328269679,3.624996014418606
Cc1ccsc1C(=O)NC1C[NH+](Cc2ccccc2)C1,0.871809373878558,3.1704712609784815
Cc1cccc2cc(C(=O)N3CC[C@H]([NH+]4CCCC4)C3)oc12,0.9151862671341763,4.077827149259962
COc1ccc(C[NH+]2CC(NC(=O)c3ccc4ccccc4n3)C2)cc1,0.7336410869386376,2.866027027925199
Cc1noc([C@@H]2CCN(C(=O)NCC3(C)CCOCC3)C2)n1,0.9188617771638186,3.2652000544797417
COc1ccc(CNC(=O)c2ccn(-c3cccc(C)c3)n2)cc1,0.7853508322416649,1.8779184227191141
Cc1ncccc1C(=O)N1CC[C@@H](Cc2ccccc2)C1,0.8652993234766532,2.3430707771018433
Cc1cccc(C(=O)N[C@H]2CCC[C@@H](NC(=O)c3ccc(F)cn3)C2)n1,0.8810249009548577,3.023274719491302
CN(C)c1ccccc1C(=O)N1CCC(N2CC[NH+](Cc3ccccc3)CC2)CC1,0.8195946709164698,3.1327010884411086
C[C@H](NC(=O)N1CCC[C@@H]1NC(=O)C1CC1)c1ccccc1F,0.8957385068683378,3.09495694297029
CO[C@@H]1CCCN(C(=O)[C@@H]2CCCN2c2ccccc2)C1,0.8553176866770389,2.818524248026355
Cn1ccc(C(=O)NC2(C)CCN(C=O)CC2)n1,0.7770771561988516,3.0183295798380687
Cc1cccc(C)c1C(=O)NC1CCN(C(=O)OCc2ccccc2)CC1,0.8944825818541436,1.9738464413585
Cc1ccc(C(=O)N2CCC(C(=O)c3ccccc3)CC2)s1,0.808495073761153,1.9372640165274166
Cc1ccc(OCCNC(=O)c2ccc(Cl)cc2)cc1,0.8562343299730949,1.467435633448119
CC[C@H](C)C[NH+]1CC(NC(=O)CCc2cccs2)C1,0.771155675524595,3.904358400510639
Cc1cccc(C(=O)N2CC[NH+](Cc3ccc(Cl)cc3)CC2)c1,0.9170583958541411,3.0366810317150925
CCOC(=O)C1CCC(NC(=O)C(=O)NCCC[NH+]2CCCCC2)CC1,0.32985624628543475,3.429489572623744
Cc1cccc(CC(=O)NC[C@H](C)CNC(=O)C2CCCCCC2)n1,0.7466011935298084,2.6740908184719476
O=CNCc1ccccc1,0.6136620972835577,1.7675537168081394
CCn1ncc(C)c1C(=O)NCC[C@H]1CCCO1,0.8627003013244092,2.909957410938423
CCCCOc1ccc(NC(=O)c2ccccc2)cc1,0.8010797943605381,1.3661810473808274
CN(Cc1cccc(C(F)(F)F)c1)C(=O)C(=O)Nc1ccc(N2CC[NH+](C)CC2)cc1,0.718419385555272,3.135696726858212
Cc1ccnc(C[NH+]2CC(NC(=O)[C@@H]3CC34CCC4)C2)c1,0.8447787189001393,4.550941287694615
Cc1ccc(N2CCN(C(=O)c3cncc(F)c3)CC2)cc1,0.8546321826088874,1.9050332472966467
CC(C)(C)[NH+]1CCN(C(=O)c2csc(-c3cccs3)n2)CC1,0.9109112001502303,3.5276094614051186
CCc1ccccc1C[NH+]1CC[C@H](NC(=O)C[C@H]2CCCCO2)C1,0.8291758429404883,4.24045367110346
CC(C)n1nccc1C(=O)NCc1ccc(Cl)cc1,0.9336155417097103,1.9910370422182755
CCc1ccc(C[NH+]2CC[C@H](NC(=O)c3cccc(OC)c3)C2)cc1,0.8433932700290647,3.660013358096175
CC[C@@H](C)C(=O)NCCCNC(=O)C1CCCCC1,0.69567582098675,2.364391782223267
Cc1[nH]ccc1C(=O)NC[C@H](C)CCNC(=O)CCC1CC1,0.6551193968909533,3.014213313352016
CC(C)(C)C(=O)N[C@H]1CC[NH+](Cc2ccccc2)C1,0.8362568618253504,4.163256312178447
CC(C)(C)CNC(=O)N1CC[NH+](CCc2ccccc2)CC1,0.8611578495552555,3.3948583447798093
Cc1cccc(C[NH+]2C3CC[C@H]2CN(C(=O)c2cccc(C(C)C)n2)C3)n1,0.9014092709674395,5.138432662159707
Cc1ccc(C(=O)Nc2ccc(C(F)(F)F)cc2)s1,0.8739981783929919,1.8512104819860546
CN(C)c1ccccc1C(=O)Nc1cccc(-c2ccccc2)c1,0.7582383094978263,1.6677017003110883
Cc1cc(C)c(C(=O)NC2CC[NH+](Cc3cnns3)C2)s1,0.8750792554276583,4.825930742351702
C[C@@H]1CCOCC[C@H]1[NH2+]Cc1ccc(-c2ccccc2)cc1,0.9207183204633279,3.5549785856151654
CC(C)C[NH+]1CC(NC(=O)[C@H]2CC[C@H](c3ccccc3)C2)C1,0.8510445116052063,3.88301382898222
Cc1ccc(-n2cc(NC(=O)C(=O)NCC[NH+]3CCN(c4ccccc4)CC3)cn2)cc1,0.49850168160014174,3.1848982188227364
CCCCCCCCCCCCCCCCCCCCCCCCCCCCCCCCC1CC1,0.08471317826905284,1.7399452180838963
CC1CCCC(C[NH+]2CC(NC(=O)c3ncnc4cc[nH]c34)C2)CC1,0.7303683815597,4.30095374271156
O=C(NCC1(c2ccccc2)CCC1)C(=O)N1CCC([NH+]2CCCC2)CC1,0.7738979661768596,3.568541938169383
Cc1cccc(F)c1C(=O)N1CCO[C@H](c2ccccc2)C1,0.850863159627181,2.457096757776446
Cc1ccc(-c2csc(NC(=O)N3CCN(c4ccccc4)CC3)n2)cc1,0.7313284833044713,1.9284087271739505
CCc1cccc([C@@H](C)[NH+]2CCN(C(=O)C3CCCCC3)CC2)c1,0.9022851487337182,3.6524268448090424
CCc1ccc(NC(=O)COC(=O)CNC(=O)c2cccc(C(F)(F)F)c2)cc1,0.6895782901713882,1.9586572292135322
Cc1ccc(C[NH+]2CC[C@@](C)(NC(=O)CCc3cnc[nH]3)C2)cn1,0.7188909593963764,4.403709056344333
COc1ccc(CC(=O)NC2CCN(C(=O)c3cccc(C)c3)CC2)o1,0.8936889415309167,2.3311303210644923
CCOc1ccc(CNC(=O)C(=O)NCC2=CCN(c3ccccc3)CC2)cc1,0.5604916919524381,2.316557229213533
Cc1ccc(C(=O)N2CCC(CNC(=O)OC(C)(C)C)CC2)o1,0.928426904328608,2.2038254872595484
Cc1ccc(OCCNC(=O)CC[NH+]2CCOCC2)cc1,0.6844498562992278,3.2578128512014004
Cc1ccc(F)cc1C(=O)N1CCN(c2ccccc2)CC1,0.8503613994065067,1.6776222582856573
NC(=O)c1cccc(-c2ccccc2)c1,0.7890687326247525,1.3453492189828076
Cc1ccc(C(=O)N2CC[NH+](CCc3ccccc3)CC2)cc1,0.9111329513347592,2.9224070519635
Cc1ccsc1C(=O)NC1CCN(Cc2ccccc2)C1,0.9409681903841729,2.3696622020703177
Cc1cc(N2CCC([NH2+]C3CCCN(C(=O)OC(C)(C)C)CC3)CC2)ccc1F,0.8364114953776992,3.607600471073064
CC(C)(C)OC(=O)N1CCC[NH+](Cc2ccccc2)CC1,0.899930003845484,3.667834305432363
Cc1ccc(C(=O)N[C@H]2CCCN(C(=O)Nc3cccc(C(F)(F)F)c3)C2)cc1,0.7931852626090492,2.453838077910669
Cc1ccccc1C(=O)N1CC[C@H]2C[NH+](C3CCOCC3)C[C@H]2C1,0.8831775130264106,4.268638506268296
CCOc1ccc(C(=O)NC[C@H]2CCN(c3ccccc3)C2)cc1,0.8859070455844007,2.1889481826016848
Cc1ccc(C(=O)Nc2ccc(-n3cncn3)nc2)cc1,0.797542975852817,1.9585714892846298
Cc1ccc(C[NH+]2CC(NC(=O)c3cccs3)C2)cn1,0.867571697721953,3.332507698225445
Cc1cc(C)cc(C(=O)N2CCN(c3ccccn3)CC2)c1,0.8544114036099819,1.8683651154285155
CCOC(=O)CC1(NC(=O)N2CCN(c3ccccc3)CC2)CCCC1,0.8214409655982713,2.291791951002123
Cc1ccc(CCNC(=O)CCc2ccccc2O)cn1,0.8558604959797199,1.9507405435090934
Cc1ccc(C(=O)N2CCn3cc(-c4cscn4)nc3C2)cc1,0.7280414570229199,2.57154138032171
CC(=O)N1CCC(OCC(=O)NCc2ccc(Cl)cc2)CC1,0.9007391841143493,1.9728136797674019
CC(C)(C)[C@H]1CCCN1C(=O)NCc1cccc(C(F)(F)F)c1,0.8558814517279824,2.740172868707088
CC1(C)CCCN1C(=O)c1cccc(C(=O)NCc2ccccc2)c1,0.926700801076733,1.9964029154832517
C[NH+]1CCCC[C@@H]1C(=O)N[C@H]1CCN(C(=O)C2=CCCCC2)C1,0.7843049513802102,4.471150110616747
Cc1ccc(O[C@H](C)C(=O)Nc2ccc(C)cc2C)cc1,0.9200696266932,2.0227679115106785
CCc1csc(NC(=O)c2ccnn2C2CC2)n1,0.9205042292741629,2.5326407653584315
Cc1ccccc1C[NH+]1CC[C@](C)(NC(=O)C2=CCOCC2)C1,0.8706206814418136,4.555595776012247
Cc1ccc(NC(=O)C(=O)Nc2ccc(N3CCOCC3)nc2)c(C)c1,0.8250904215316716,2.0739043335385023
COc1ccc(C[NH+]2CCN(C(=O)NS(=O)(=O)CCc3ccccc3)CC2)cc1,0.6930538107288494,3.1957752088242835
Cc1ccc(C(=O)N2CC[NH+](CCNC(=O)c3ccc(OC(F)(F)F)cc3)CC2)cc1,0.7243653380976839,3.0475641810559786
CCc1cccc(C(=O)NC2CC[NH+]C2)c1,0.7423641157737314,3.540816763658995
Cc1ccc(CCNC(=O)N2CCC(C)(C3CC3)CC2)cc1,0.9019392610157104,2.2587881214547476
CC[C@H](C)NC(=O)Nc1ccc(N2CCOCC2)cc1,0.8885204914164341,2.2728569229909574
Cc1ccncc1C(=O)NC1(C)CC[NH+](CCCC2CCCCC2)C1,0.8329459152829437,4.222519127326944
CCO[C@@H](c1ccccc1)[C@@H]1CCCN1C(=O)NCc1ccc(F)cc1,0.8393949243171034,2.9711672267678075
Cc1cc(F)ccc1C(=O)NC1CC(CNC(=O)C[C@@H]2CCCO2)C1,0.8290799938685108,2.75356375764545
CC(C)[NH+]1CCN(C(=O)NC2(c3ccccc3)CCCC2)CC1,0.8761042410683876,3.456509003743065
CC(C)(C)OC(=O)N1CC([NH+]2CCC(c3ccc(F)cc3)CC2)C1,0.8990551903694617,3.368250286507502
CCc1ccccc1C(=O)Nc1ccc(C(F)(F)F)cn1,0.9320303779748049,1.9442425594242128
Cc1ccc(C(=O)N[C@H](C)CNC(=O)c2cnn(C)c2C)c(C)c1,0.8799225618056714,2.607930667808784
Cc1cc(C)cc(C(=O)NCc2ccc(Cl)cc2)c1,0.9031933571804512,1.5648080146420789
Cc1ccccc1[C@@H]1CCCN(C(=O)N2CCCC(C)C2)C1,0.7679595327150786,2.8235110285568386
Cc1cccc(C(=O)NC2(c3ccccc3)CCCC2)n1,0.9332181099562142,2.1739994842404915
COc1ccc(F)c(C(=O)Nc2ccn(C(C)C)n2)c1,0.9345153020255318,2.140106564622206
CCOc1ccc(C(=O)N[C@@H]2CC[NH+](C3CCCCC3)C2)cc1,0.8696097172922583,3.8671843575799336
Cc1cccc(C)c1C(=O)O[C@H](C)C(=O)N1CCCC1,0.7961155333263393,2.3680985865905164
CCc1ccc(C(=O)NCCNC(=O)c2ccc(C)o2)cc1,0.8041971919485412,1.8518250941594623
Cc1ccc(C(=O)NC2CC[NH+](Cc3ccc(F)cc3)CC2)c(C)c1,0.8798017823453869,3.0885446272925687
CCCC[C@H](C)[NH+]1CCOCC1,0.6510224129187498,4.786556849521767
CCCCCCC[NH+]1CCC(NC(=O)C2CCCCCC2)CC1,0.5222056562156225,3.286438969299896
CC(C)C[NH+]1CC(NC(=O)CCc2ccccn2)C1,0.7610493912412639,3.332906998676912
Cc1noc(C[NH+]2CC(NC(=O)c3cccc4ccccc34)C2)n1,0.7423382701368968,3.1060241083378433
CCc1ccccc1NC(=O)C[C@@H]1CCN(c2ccccc2)C1,0.901488314058732,2.264450421390322
CC(C)(C)OC(=O)N1CCCN(C(=O)C(=O)N2CCN(c3ccccc3)CC2)CC1,0.6530712672020099,2.1987015052656638
COCc1ccc(C(=O)NC2CCN(C(=O)c3ccc(C)cc3)CC2)cc1,0.8841787526141457,1.8221483394603997
Cc1cc(C(=O)N2CCN(C(=O)c3ccccc3)CC2)no1,0.8441829744826398,1.86943104949445
Cc1cccc(CNC(=O)C[NH+](C)CC(=O)NCc2ccc(F)cc2)c1,0.6465354725531397,3.189009904956256
COc1ccccc1C(=O)N1CCC([NH+]2CCCC2)CC1,0.8998423535791794,3.3296675800790805
CC(C)(C)OC(=O)N1CC(NC(=O)c2cc(Cl)c[nH]2)C1,0.8770998519751158,2.4462795109211903
CCc1ccc(C(=O)NCCCC[NH+](C)Cc2ccc(F)cc2)cc1,0.6744283580467859,3.1737809593170194
COc1ccccc1C(=O)NCC1C[NH+](CCCC2CCOCC2)C1,0.7416602058502244,3.1127531592535655
Cc1nc(C[NH+]2[C@H]3CC[C@H]2CN(C(=O)CCCC2CCCCC2)C3)no1,0.8403619335731946,5.042481870954548
Cc1ccc(C(=O)N2CCN(C(=O)Nc3ccc(N4CCOCC4)c(F)c3)CC2)cc1,0.8197623862814025,2.078084170326685
C[C@H](NC(=O)C1CCCC1)c1ccc(N(C)C)cc1,0.901805614847151,2.2399226965919166
COc1ccc([C@H](O)CNC(=O)c2cccs2)cc1,0.8807310394600811,2.2758238093156695
Cc1ccc(NC(=O)C(=O)N2CC[C@@H](c3ccc(F)cc3)C2)cc1Oc1ccc(F)cc1F,0.5543970537162501,2.746685059245518
CCc1cc(C(=O)NC(C)(C)CC(=O)Nc2ccc(C)cc2)no1,0.8527576544465099,2.3077293074865235
NC(=O)C1(CO)CCCCC1,0.6096206064545804,2.5132003362972295
COc1cccc(CNC(=O)NCC2CCN(c3ccccc3)CC2)c1,0.836707547783751,1.8852230117308668
Cc1ccc(C2(NC(=O)c3cccc(C(F)(F)F)c3)CCCC2)cc1,0.8109198052486201,2.17725321419862
Cc1nsc(CNC(=O)N2CCN(c3ccc(F)cc3)CC2)n1,0.9321176345865783,2.380474038708101
CCOC(=O)c1cc(C)[nH]c1C(=O)NCC1(c2ccccc2)CCCC1,0.7764054300260045,2.5034662878004585
C[C@H](NC(=O)C(=O)Nc1ccccc1N1CCOCC1)c1ccccc1F,0.8104102590818596,2.521920541248889
Cc1ccc(CCC(=O)N2CCN(c3ccccc3)C[C@H]2C)cc1,0.8573921939860025,2.287541226079945
CC[C@H](C)CNC(=O)NCC1CC[NH+](C2CCCCC2)CC1,0.6898642877458466,4.113980274259962
COc1ccc(C(=O)NCC[NH+]2CCN(c3ccc(F)cc3)CC2)cc1,0.8089804591101692,2.9449057971559682
Cc1cccc(C(=O)NC2CCN(Cc3ccccc3)C2)c1,0.9399111079803331,2.090469216567655
C[C@H]1CN(C(=O)Nc2ccc(-n3cncn3)cc2)CC[NH+]1C,0.8215080679474338,3.9297571824029927
Cc1ccc(C(=O)N2CCN(C(=O)C[NH+](C)Cc3ccc(F)cc3)CC2)cc1,0.840239873908058,3.153438561054271
COc1cccc(CNC(=O)CNC(=O)C(c2ccccc2)c2ccccc2)c1,0.6224485304311346,1.8867890973453996
Cc1ccc(CNC(=O)CCc2csc(C)n2)cc1,0.9103600829982693,1.8677925332681067
CC1CCC(NC(=O)c2csc(C3CCOCC3)n2)CC1,0.9314145258775473,2.4241677061824856
Cc1ccncc1C[NH+]1CC(NC(=O)c2ccc(F)cc2C)C1,0.8855462785724575,3.1785258306661417
CCCCCOC[NH+]1CC(NC(=O)c2cccs2)C1,0.6965204649635361,3.370451507627081
CCOC(=O)c1cccc(NC(=O)C2CCCCC2)c1,0.8569403344185696,1.63449312332666
CCN1CCCC[C@H]1C[NH2+]Cc1ccc(F)cc1F,0.8652505484396096,3.590157142649004
CCc1ccc(C(=O)NC2C[NH+](Cc3nc(C(C)C)no3)C2)cn1,0.7980954353958871,3.467633263232269
CCn1nccc1CNC(=O)c1ccc(F)cc1,0.8974997782360028,1.9337023038199685
CC(C)c1[nH]ccc1C(=O)NC1C[NH+](Cc2ccccc2)C1,0.7663164751898024,3.45735139688899
Cc1ccc(C(=O)NC[C@@H]2CC[NH+](Cc3ccc(F)cc3)C2)cc1C,0.8594821144184249,3.728976223751647
Cc1cccc(CN(CCNC(=O)OC(C)(C)C)c2ccccc2)n1,0.8650494731176339,2.206951236176643
Cc1ccc([C@@H]2CCN(C(=O)C3CC[NH+](CC4CC4)CC3)C2)c(C)c1,0.8931512770892157,3.8488999192303455
CC[C@@H](Cc1ccccc1F)NC(=O)N1CCC[C@H](C)C1,0.9034405628615789,2.8088091647767346
COc1ccc(-c2ccc(OCC(=O)N[C@H]3CCN(Cc4ccccc4)C3=O)cc2)cc1,0.5923401612753487,2.449695582546063
Cc1ccc(C(=O)N[C@@H](CNC(=O)c2ccnn2C)C2CC2)cc1,0.8476266985434767,2.719114520144739
Cc1cccc(CNC(=O)N2CC[C@@H](c3ccccc3)C2)c1,0.9196057159516493,2.2351463800291924
Cc1cccc2ccc(C(=O)N[C@H]3CCc4cc(F)ccc4C3)cc12,0.7308911918759124,2.500044691711386
Cc1ccc(CNNC(=O)N2CCN(c3ccccc3C=O)CC2)cc1,0.6403900553829307,2.264832566386737
COc1ccc(C(=O)NCC[NH+]2CCC(c3ccccc3)CC2)cc1OC,0.7837935870980939,2.969241346453405
Cc1ccccc1C(=O)N1CCC[C@H](CNC(=O)Cc2cnc[nH]2)C1,0.8728915243004178,2.681463922480617
CCOC(=O)c1cc(CNC(=O)c2ccc(-c3ccc(F)cc3)cc2)co1,0.6634293388471053,2.0861926951047547
Cc1cc(NC(=O)N2CCC3(CCOCC3)C2)n(C)n1,0.8513038664529892,3.1531030768371116
Cc1[nH]ccc1C(=O)N[C@H](C)CNC(=O)COc1ccccc1,0.7260910506088172,2.719189589455322
CCc1noc(CNC(=O)N2CCC[C@@H](c3ccccc3)C2)n1,0.9416475358566313,2.665928951815122
Cc1ccc(-c2noc([C@H](C)[NH2+][C@@H]3CC=CCC3)n2)cc1,0.8783386437842023,3.9866584220490546
CCOC(=O)c1ccc(C(=O)NC)cc1,0.7581053000224814,1.438379272650069
Cc1occc1C(=O)NC1CCN(c2ccccc2)CC1,0.9421340997754252,1.9359954489315392
COc1ccc(N2CCCN(C(=O)C3CCC3)CC2)cc1,0.8566241364362305,1.7483513127398638
CC[C@H](C)C[NH+]1CC(NC(=O)c2ccc(Cl)n2C)C1,0.8217187980556705,4.3230198877470425
Cc1ccc(C(=O)NC2C[NH+]([C@H](C)c3cnon3)C2)c(C)c1,0.8596225320527833,4.073655179682408
Cc1ccccc1C(=O)N[C@H](C)CNC(=O)Cc1ccccc1,0.8609341510776531,2.175155033242305
CCc1ccc(C[NH+]2CC[C@@H](NC(=O)c3ccc(C(=O)OC(C)(C)C)cc3)C2)cc1,0.7215937517754643,3.70767489092146
Cc1ccc(NC(=O)N2CCC[C@@H]([NH+]3CCCC3)C2)cc1,0.8532298375879508,3.7829731730665346
CCOC(=O)CC[NH+]1CCN(C(=O)C(=O)NCc2ccccc2)CC1,0.5096351799260205,3.236879838560175
CCc1ccccc1C[NH+]1CC(OCc2ccc(F)cc2)C1,0.864568398783894,2.976815664879064
CCc1ccccc1C[NH+]1CCN(C(=O)CCCC(C)(C)C)CC1,0.8516043419781046,3.4173345261484567
CC(C)(C)OC(=O)N1CCc2occ(C(=O)N3CCCC3)c2C1,0.7980144440444025,2.633469821050756
COc1ccccc1C=O,0.575816465118545,1.5756770589832065
Cc1ccccc1C(=O)N[C@H]1CCN(Cc2ccccc2)C1=O,0.9433422025176963,2.279230955781303
CCC[NH+]1CCC(C(=O)NCCc2ccccc2)CC1,0.7992933298619497,3.188065132261464
Cc1ccccc1C(=O)N[C@H]1CCN(c2ccccc2)C1,0.9370830978499239,2.1150768300652736
Cc1ccc(C(=O)NC[C@@H](C)NC(=O)c2ccc(C)nc2)nc1,0.8788892914154961,2.595592363123961
Cc1ccccc1C[NH+]1CC(CNC(=O)Cc2ccccn2)C1,0.8275612066426007,3.042603409337471
CCc1ccc(CNC(=O)CC[NH+]2CCOCC2)cc1,0.7783375365247621,3.288705185311862
C[C@H](NC(=O)c1cc2c(s1)CCC2)c1ccccc1,0.9052138879112811,2.345636489968351
CC1(C)COCCN1C(=O)c1cnn(CC2CC2)c1,0.8308791732441304,2.72561991594832
CCc1ccc(C(=O)NC2(C)CC[NH+](CC3CC3)CC2)cc1,0.8545505671905274,3.4437509006110734
Cc1cccc(CNC(=O)N2CCO[C@H](C3CC3)C2)c1,0.9187371793197553,2.614900647687316
CC[NH+](C)C[C@@H]1CCCN(C(=O)NCC2CCCCC2)C1,0.792900036244524,3.8529176654286257
CCC[C@H]1CCCN(C(=O)c2cccc(C(=O)[O-])c2)C1,0.8393095726000069,2.806282602574532
COc1cc(C[NH+]2CC(CNC(=O)[C@H]3CCOC3)C2)ccc1F,0.7749480251061012,3.7613469859050266
Cc1ccccc1C[NH+]1CC[C@@](C)(NC(=O)NCCC[NH+]2CCCCC2)C1,0.5100623678076627,5.107619296775305
Cc1ccc(C[C@H]2CCCCN2C(=O)c2ccccc2)cc1,0.8289126829715879,2.1386538319522703
Cc1ccc(CCNC(=O)N2CC[C@H](C(=O)OC(C)(C)C)C2)cc1,0.8626205576940704,2.4604372735107756
CC(C)c1cccc(CNC(=O)Nc2ccc(C(N)=O)cc2)c1,0.7917316372909463,1.7660753498969122
CCOc1ccc(NC(=O)CC2CCCC2)cc1,0.8628883310556837,1.618521343151679
Cc1ccc(C(=O)NCc2ccc3ccccc3c2)c(C)n1,0.7972773308339273,1.8103057747691746
CCc1ccc(C[NH+]2CCN(C(=O)Cc3ccccc3C(N)=O)CC2)cc1,0.794774714698817,3.1322893984014586
CC(=O)N1CCC(NC(=O)CCc2ccccc2)CC1,0.909022815873599,1.7348777387112762
Cc1ccccc1C(=O)N[C@@H]1CCN(c2ccccc2)C1,0.9370830978499239,2.1150768300652736
CCc1cccc(C(=O)NCC2CC[NH+](CCc3ccccc3)CC2)n1,0.7996312913217707,3.224249934807789
CCc1cccc(C(=O)N[C@H](C)CNC(=O)c2ccnc(OC)c2)n1,0.7970316176453991,2.7636971642388577
O=C(Cc1ccco1)NC1C[NH2+]C1,0.6205348783138539,3.5080081491772255
COc1ccc(C[NH+]2CC(NC(=O)c3[nH]ccc3C)C2)cc1,0.7542589661503797,3.366630056938618
CCn1ccnc1C[NH2+]C[C@H]1CCCN(C(=O)c2ccccc2)C1,0.8744601874728751,3.399705325458828
COc1ccccc1[C@H](C)NC(=O)c1ccccc1F,0.9275945253543272,2.0481512838932137
Cc1ccc(N2CCN(C(=O)C[C@@H]3CCC[NH2+]C3)CC2)cc1,0.9050241109912316,3.350032197336885
Cc1nc2ccccc2cc1C(=O)N1CCO[C@H](C2CC2)C1,0.8555566646151536,2.6917385160182032
CCOC(=O)c1cc(NC=O)c(C)s1,0.6125797956163616,2.6054599379188588
Cc1ccc(N2CCN(C(=O)CC[NH+]3CCCC3)CC2)cc1,0.8872260125584527,3.1865108571867573
Cc1ccccc1C(=O)NCC1(O)CCN(C(=O)c2cccs2)CC1,0.8820129595605901,2.231104973988126
Cc1occc1C(=O)NCc1cccc(N2CCOCC2)c1,0.9415161854837046,2.0481276841098346
CCCC(C)(C)C[NH+]1CC(NC(=O)c2ccsn2)C1,0.8164592763000299,4.128215807429843
CCc1ccccc1C(=O)NC1C[NH+](C[C@@H]2CCCOC2)C1,0.839643450361209,3.659903351183039
Cc1occc1CNC(=O)NCc1ccc2c(c1)OCCO2,0.9091116567036938,2.2771776841098337
C[C]1CCCN(C(=O)c2cnccn2)C1,0.6924619068153796,2.6421542279273513
CC(C)c1ccc(NC(=O)C[NH+]2CCN(c3ccccc3)CC2)cc1,0.8764916678092889,2.959741620792027
CCCc1sccc1C(=O)N1CCC[C@H](n2cccn2)C1,0.8682420948911876,3.104200663608779
CCOC(=O)N1CC[NH+](CCCc2ccccc2)CC1,0.8702350733349312,3.2387969625001913
O=C(Nc1cccc(Cl)c1)N1CCN(c2ccccc2)CC1,0.91701712261625,1.647794270648296
O=CNC1C[NH+](Cc2ccc(F)cn2)C1,0.608949710287067,4.118282569353367
Cn1ccc(C(=O)NCC(C)(C)NC(=O)c2ccc(F)cc2)n1,0.8769605823123111,2.2545353773694377
CCOC(=O)C[C@H](C)CNC(=O)NC1CCN(c2ccccc2)CC1,0.7438145994019754,2.5581614576918845
Cc1noc(C)c1C(=O)N[C@H]1CCN(C(=O)c2cccs2)C1,0.938637513536321,2.735081514954752
Cc1ccc(NC(=O)C[NH+]2CCC(NC(=O)N3CCN(c4ccccc4)CC3)CC2)cc1,0.6656996346685868,2.9812049185745977
CC(=O)N(C)CC[NH+]1CCN(c2ccc(F)cc2F)CC1,0.856826767850391,3.5886977318380042
Cc1ccccc1C(=O)N1CCC(NC(=O)C2CCOCC2)CC1,0.9236537217347599,2.037321767200721
Cc1nocc1C(=O)N1CC[NH+](Cc2ccccc2)CC1,0.8949958883671335,3.5630229394737842
Cc1ccc(N2CC[C@H](NC(=O)OC(C)(C)C)C2=O)cc1,0.9105683273479251,2.49726571969161
CC[C@@H](CNC(=O)c1ccnn1C(C)C)NC(=O)C1CCCCC1,0.8047156149928508,2.872821293967929
COc1cccc(C(=O)NC2(C)CC[NH+](Cc3nonc3C)CC2)c1,0.8358822954725376,3.5853563282676504
CC[NH+]1CCC(CNC(=O)NCC2CCN(c3ccccc3)CC2)CC1,0.7212248333034897,3.1709477080871427
Cc1ccc(NC(=O)N2CCC[C@@H]2c2ccccc2)cc1,0.8703788868356214,2.101314661086711
Cc1nc(C[NH+]2CCN(C(=O)c3ccc4ccccc4c3)CC2)no1,0.7765717447919892,3.2721633541956106
Cc1ncc(C[NH+]2CC(NC(=O)C3CCCC3)C2)s1,0.8447878211393093,3.5380207383963125
C[C@@H]1C[C@H](NC(=O)C(=O)N2CCN(c3ccccc3)CC2)C[NH+]1Cc1ccccc1,0.7339258919422765,3.9025968854522395
CCOC(=O)[C@H]1CCC[NH+]1CCCCc1ccccc1,0.6058580345706929,3.9818014584250285
CC[C@@H](C)NC(=O)N1CCN(C(=O)N2CC[NH+](Cc3ccc(F)cc3)CC2)CC1,0.7762026716620488,3.7025998873749177
Cc1cocc1C(=O)NC1C[NH+](CCC2CCOCC2)C1,0.8262120103785447,3.868458235816785
CCn1nccc1C(=O)NCCC1CC1,0.7936453236366753,2.22597158034238
Cc1nc2cc(C(=O)N3CCCC[C@H]3C[NH2+]Cc3nccs3)ccc2o1,0.7469338157357507,3.6955817506664204
COc1cc(NC2CCN(c3ccccc3)CC2)ccc1C,0.9196136517588931,1.8012464341098333
Cc1ccccc1CCCC(=O)N1CCOC[C@@H]1c1ccccc1,0.8345261241795213,2.501770380403883
CCc1cccc(C[NH+]2CC(CN)C2)c1,0.7236993504859608,3.5354518001225976
CC(C)(C[NH+]1CCOCC1)C1CC1,0.6675094109789605,4.50178590385498
CCc1cc(C)ccc1C(=O)N1CCC[C@H](CNC(=O)C2CCOCC2)C1,0.8644779435517361,2.7181565052848526
CC(C)(C)OC(=O)N1CC[C@H](NC(=O)c2cc3ccccc3[nH]2)C1,0.8894428735700641,2.601591672842787
CC(C)CCCC[NH+]1CC[C@H](NC(=O)C2CCOCC2)C1,0.688943304510229,4.305733050044009
CC(=O)NC[C@@H]1CCCN(C(=O)c2sccc2Cl)C1,0.9316202077845929,2.745824583384369
Cc1[nH]ccc1C(=O)N1CC(CNC(=O)c2ccc(F)cn2)C1,0.8938103233334684,2.6369984268199875
Cc1cccc(CC(=O)NC[C@H]2CC[NH+](Cc3cccc(F)c3)C2)c1,0.8266763672119022,3.7989018196346365
Cc1ccccc1C(=O)NC1(C)CC[NH+](Cc2cncnc2)CC1,0.886565801242274,3.516939827401389
Cc1cc(C)c(C(=O)N2CC(CNC(=O)c3ccoc3)C2)o1,0.9368501621696766,2.652364971310339
Cc1ccn(CCNC(=O)c2ccccc2C(F)(F)F)n1,0.9427613435614696,2.163756617779649
CCc1[nH]ccc1C(=O)NC1C[NH+](Cc2ccc(F)cc2)C1,0.7554785860707348,3.4946556152512738
CCc1ccc(C(=O)NC[C@H]2CCN(C(=O)c3ccn(C)n3)C2)cc1,0.9035200746889509,2.57711118683598
CCOc1ccc(CNC(=O)C(=O)N2CCN(c3ccc(Cl)cc3)CC2)cc1,0.7823647728367146,1.9652760062011225
Cc1ccccc1C[NH+]1CCC(C)(NC(=O)c2cn(C)nc2C)C1,0.8806916094646375,4.23504753784985
CCn1cc(C(=O)NC[C@@H](C)C[NH+]2CCCCC2)cn1,0.7887284532948217,4.1639719027480435
CC[C@@H](F)C[NH+]1CC(CNC(=O)c2cc3ccccc3[nH]2)C1,0.7368650840265081,3.833300373515544
C[C@@H]1C[C@@H](C(=O)OC(C)(C)C)N(C(=O)C2CCCCC2)C1,0.7352360014865754,2.980564548019718
CCOC(=O)c1ccc(CNC(=O)C2(c3ccccc3)CC2)o1,0.8326927295517869,2.150414092500462
CC(C)(C)OC(=O)N1CCC(C(=O)NC2CC[NH+](Cc3ccccc3)CC2)CC1,0.8097692282445852,3.143482745161
CC(C)(C)[NH2+]C1CCN(C(=O)Cc2cccs2)CC1,0.8983762044541492,3.2399104819860556
CC1CC(C[NH+]2CCC[C@H]2CNC(=O)C2CC2)C1,0.7372313066751386,4.623344240219138
Cc1ccc(C[NH+]2CC[C@@H](NC(=O)[C@@H]3C[C@H]4CCC[C@H]4C3)C2)o1,0.8875990398486612,4.855791676490107
COc1ccccc1CNC(=O)N1CCC(c2ccccc2)CC1,0.9296110533025903,1.815068408385624
CCC(=O)N1CCCC[C@H]1NC(=O)Cc1ccc(Cl)cc1,0.9295438162902347,2.6515383471533536
CC(C)c1ccc(CNC(=O)N2CC[NH+](C)CC2)cc1,0.843615463837663,3.1446781580288006
COC1CCC(C(=O)NCC2CC[NH+](Cc3ncc(C)o3)CC2)CC1,0.8061325124282658,3.731387774638181
CCOC(=O)C[NH+]1CC(NC(=O)c2ccc(-c3ccccc3)cc2)C1,0.7694857413941366,2.7486352015070867
Cc1ccccc1C(=O)NC[C@@H](C)NC(=O)c1conc1C,0.8822752029808094,2.7225088997328495
Cc1cccc(C[NH+]2CCC[C@H]2NC(=O)c2ccc(F)cc2)c1,0.8900478118373849,3.796451020767492
COc1ccc(CCC(=O)NCCC[NH+]2CCN(c3ccccc3)CC2)cc1,0.6469943140963886,2.9240460062011255
CCC(=O)NC[C@@H](C)CNC(=O)c1ccccc1Cl,0.840553012487069,2.3601620736154736
CC1(C)CCCN(C(=O)NCc2cccc(F)c2)C1,0.8740170111012129,2.091925866601441
CCC(CC)C(=O)N1CC[C@@H](CNC=O)C1,0.6873400203674208,3.0444970008131467
CC[C@H](CNC(=O)c1ccccc1C)NC(=O)c1ccc(F)cn1,0.8550985113702981,2.55404356721707
CCc1cnc(C[NH+]2CC(NC(=O)CCC3CC3)C2)o1,0.7545402289737135,3.6988581030837455
CCC1(C(=O)NC[C@H]2CC[NH+](Cc3ccccc3)C2)CCC1,0.8250610316716925,4.176715424161235
CNC(=O)c1ccc(NC(=O)CCNC(=O)c2ccccc2)cc1,0.7567100155830437,1.5919895913203348
Cc1ccc(C2(NC(=O)c3occc3C)CCCC2)cc1,0.921273125863479,2.4049590050475533
COc1ccc(NCc2noc(C3CC3)n2)cc1C,0.8942305240219015,2.1993899691655425
Cc1nonc1C[NH+]1CC[C@H](NC(=O)CCC2CCCCC2)C1,0.8201778815723078,4.3199391222182815
CCn1nccc1C(=O)NCc1ccc(F)cc1,0.8974997782360028,1.9106688196570722
CCc1ccc(CNCCc2ccc(F)cc2)cc1,0.7776735722150477,1.5519233491189226
CCOc1cccc(C(=O)NCC[NH+]2CCC(c3ccccc3)CC2)c1,0.8019529239250798,2.9977432546458473
Cc1ccc(C(=O)N2CCC(CNC(=O)c3cccc(N(C)C)c3)CC2)cc1,0.8668536052386012,1.971089725772691
COc1cccc(OCC(=O)NC2CCN(C(=O)c3ccc(F)cc3)CC2)c1,0.8288561763227456,1.8878673523549718
C[NH+]1CCC(CNC(=O)Cc2ccc(F)cc2)CC1,0.8121054167018268,3.1719515076270817
CC(C)(C)OC(=O)N1CC[C@H](CNC(=O)C2CCCCC2)C1,0.8716535314224478,2.511071320918221
CCc1cccc(C(=O)NC2C[NH+](C(C)(C)c3ccccc3)C2)n1,0.8770481281421826,3.111202264380375
Cc1nocc1C[NH+]1CC[C@@H](NC(=O)c2ccc(F)c(F)c2)C1,0.8772687659289629,4.314731569449579
Cc1ccc([C@@H]2OCC[C@H]2NC(=O)C2CCOCC2)cc1,0.9290296943124435,3.071759052566078
CCN1CCC(NCc2ccc(N(C)C)cc2)CC1,0.8774021377554282,1.9078156101911823
CCc1cccc(C(=O)NCCc2ccccc2OC)c1,0.8836148799719838,1.6096843896629398
CC[NH2+][C@@H](C)[C@@H]1CCCN(C(=O)c2ccc(F)cc2F)C1,0.9036388229874792,3.654642015561251
COC(=O)CNC(=O)N1CC[NH+](Cc2cccc(-c3ccccc3)c2)CC1,0.772352749476082,3.0961395713054767
Cc1ccccc1C(=O)N1CC[C@H](CNC(=O)OC(C)(C)C)C1,0.9318598343344316,2.4190955911459397
Cc1ccc(C[NH+]2CCCN(C(=O)C(=O)N3CC[NH+](Cc4ccccc4)CC3)CC2)cc1,0.6376968781392823,4.46523702175202
Cc1[nH]ccc1C(=O)NC1C[NH+](CCc2ccc(F)cc2)C1,0.748157307570835,3.4345409750527622
CCCc1ccc(CNC(=O)N2CC[NH+](CC3CC3)CC2)cc1,0.81900318526706,3.2439747380087987
COc1ccccc1C(=O)NC1C[NH+](CC2CCOCC2)C1,0.812310604340644,3.1122090714724715
CCc1ccc(NC(=O)N2CCN(C(=O)OC(C)(C)C)CC2)cc1F,0.8873348306325044,2.0703467112897656
COc1cccc(C(C)NC(=O)c2cccc(OC[C@H]3CCCO3)c2)c1,0.8218787400385897,2.646293995998578
CCc1ncc(C(=O)N2CCC[C@H](CNC(=O)c3ccon3)CC2)o1,0.8870435788864558,3.1905562301729242
Cc1ccc(NC(=O)N2CC[C@H](c3ccccc3)C2)cc1,0.885131396753984,2.1129204618433324
CCc1noc(C[NH+]2CC(NC(=O)C3(c4ccccc4)CC3)C2)n1,0.7975847648863936,3.4180590483339097
CC(C)C(=O)N1CCC[C@H](c2noc(-c3ccccc3)n2)C1,0.8735068795284555,2.6056198346995227
CC1CCC(C(=O)NC[C@@H](NC(=O)OC(C)(C)C)C2CCC2)CC1,0.804295748716513,2.816409011004053
COc1ccc(C(=O)NCC2CCN(C(=O)c3ccccc3)CC2)cn1,0.8957706302656528,1.9561316433098135
Cc1cccc(CNC(=O)Cn2nc(C)cc2C)c1,0.9116885810222669,1.8591119333648667
CCOc1ccc(C(=O)NCCCOc2ccc(-c3ccccc3)cc2)cc1,0.5383537892348677,1.661325743536958
COc1cccc(C2(NC(=O)C(=O)NCc3ccc4nc[nH]c4c3)CCCC2)c1,0.5819292121877199,2.5893050314113353
Cc1cc(C(=O)N2CCC[C@H](NC(=O)Cc3ccccc3)C2)co1,0.9390370989254522,2.652499754508039
Cc1c(NC(=O)C(=O)Nc2ccc(N3CCNC(=O)C3)cc2)cnn1-c1ccc(F)cc1,0.5410990396133476,2.462270787197289
COc1ccc(CC(=O)N2CCC(c3ccccc3)CC2)cc1,0.8626638217954288,1.702348039334339
CCOC(=O)N1CCC(CNC(=O)CCc2ccc(Cl)cc2)CC1,0.8544643210584653,1.9376588220895634
CC1CCC(C(=O)NC[C@@H](C)NC(=O)COc2cccc(F)c2)CC1,0.7943725616188572,2.569220021381714
COc1cc(C(=O)Nc2ccc3[nH]ccc3c2)ccc1C,0.7675919360351129,1.8624066973552456
Cc1ccc(NC(=O)N2CCC(C(F)(F)F)CC2)nc1,0.8617896362832183,2.27793369748934
CC(OC(=O)c1ccc(F)cc1)C(=O)N1CCOCC1,0.7819678250822588,2.2590900201569486
Cc1ccc(CN2CC[NH+](CCc3ccccc3)CC2)cc1,0.8856427564427802,2.939589866062496
Cc1[nH]cnc1C(=O)NC1CC(OCc2ccc(F)cc2)C1,0.8906417865154753,2.396724846020504
CC(C)CCC[NH+]1CC(NC(=O)c2ccc3ccccc3n2)C1,0.8521834585077345,3.124972435695727
Cc1ccc(CCNC(=O)CCNC(=O)NCc2ccccc2)cc1,0.6916050425821743,1.7134935438689496
Cc1ccccc1C(=O)NCC1(NC(=O)c2cnccn2)CCCC1,0.8757206301747927,2.3890031592535657
CC[C@H](C)CNC(=O)NC1C[NH+](CCc2ccccc2)C1,0.6845936287569011,3.6004457787048523
C[NH+]1CCCC(CNC(=O)N2CCC[C@@H]2Cc2ccc(F)cc2)CC1,0.8561832937802699,4.0672593010922835
Cc1ccc(C(=O)NCCCNC(=O)c2ccc(-c3ccccc3)cn2)cc1,0.6217134614850987,1.8445665190216367
Cc1ccccc1NC(=O)N1CC[NH+](CCC2CC2)CC1,0.8659703850431297,3.3069828512014006
CCOC(=O)[C@@H]1CCCC[C@H]1NC(=O)c1cncc(F)c1,0.8632067908372524,2.9412980826385358
Cc1cc(C(=O)N2CC[C@H](NC(=O)c3ccc(F)cc3F)C2)co1,0.9380589120286615,2.801542533922005
C[C@H](NC(=O)Nc1cccc(C(=O)[O-])c1)c1ccccc1,0.8992406059828456,2.529262727857395
CN1CC[NH+](CC(=O)N2CCC(NC(=O)c3ccoc3-c3ccccc3)CC2)CC1,0.7518318180959621,3.348615146796546
Cc1ccc(N2CC[C@@H](NC(=O)[C@H](C)C3CCOCC3)C2)cc1,0.928511290591621,2.972306964823435
Cc1ccc(Cl)c(C(=O)N2CCN(c3ccccc3)CC2)c1,0.8451433329239507,1.6463013791647771
Cc1ccc(C(=O)N2CC[C@@](C)(NC(=O)c3cccs3)C2)cn1,0.9408721540766344,2.9664946782127206
CCCC(=O)N1CC[C@@H](NC(=O)Cc2cccc(F)c2F)C1,0.9044312195069584,2.583091749669798
Cc1ccc(C(=O)N2CCC(C[NH+]3CCCC3)CC2)cn1,0.8980084496524676,3.4476231916805933
COc1cccc(C(=O)N2CCC[C@H](n3cccn3)C2)c1,0.8695364293085814,2.553164598035009
CCc1ccc(C(=O)N2CCN(C(=O)Nc3cccc(OC)c3)CC2)cc1,0.902322677593536,1.799025262537322
CC(=O)N1CCC(C(=O)N2CC[C@@H](c3ccccc3)C2)CC1,0.8403884941533187,2.365652801732489
Cc1c(F)cccc1C[NH+]1CC(NC(=O)c2cn[nH]c2)C1,0.7448851167616565,3.544747401396968
CC(C)CCC(=O)N1CCC(NC(=O)c2ccccc2)C1,0.9045011535014759,2.2818061437635233
CC(=O)[C@H]1CCCN(C(=O)c2ccc3c(c2)OCCO3)C1,0.8341427776480937,2.5173759221207597
CCOC(=O)C[NH+]1CC[C@@H](NC(=O)c2ccccc2C(F)(F)F)C1,0.770953170474064,4.014024471364097
COc1ccc(C(=O)N[C@H]2CC[NH+](Cc3ccccc3)C2)cc1,0.8735215561600032,3.573966217511048
CCCC(=O)N1CCC([NH2+]Cc2cccc(C(F)(F)F)c2)CC1,0.8855708522784875,3.1144094845122954
O=CN[C@H]1CC[NH+](CC2CC2)C1,0.5092470261994684,5.537161036268547
COc1ccc(C(=O)NCc2cccc(Nc3nc4ccccc4[nH]3)c2)cc1,0.47283671078527617,1.9420852182086268
Cc1ccc(C(=O)N2CC[NH+](Cc3ccccc3)CC2)o1,0.9178158761421202,3.2841409722606683
CC1(C)CC(NC(=O)C2(c3ccccc3)CCC2)C1,0.8829962594848001,2.229048055950553
CCOC(=O)c1ccc(NC(=O)C(=O)N[C@@H]2CCN(c3ccccc3)C2)cc1,0.6123955776021236,2.3931186925051
COc1ccc(C(=O)N2CCC[C@H]2CNC(=O)c2ccc(F)cn2)cc1C,0.8769285849297568,2.6294757938909843
Cc1ccc(CCNC(=O)NCC[NH+]2CCOCC2)cc1,0.67727047814734,3.3062131034082096
Cc1cccc(C(=O)NC2C[NH+](Cc3ccccn3)C2)c1,0.8619046189981874,2.990955928124478
Cc1ccc2occ(C(=O)NCCC[C@H]3CCCO3)c2c1,0.8571270878718389,2.7194614454498893
C[C@H](NC(=O)Nc1ccc(F)cc1)c1ccccc1,0.8653643649448551,1.9164648349566953
COc1cccc(CNC(=O)N2CC[NH+]([C@@H]3CCC[C@@H](c4ccccc4)C3)CC2)c1,0.799247457244534,3.820824266545836
C[NH+]1CCC[C@H](C(=O)N2CC[NH+](Cc3ccccc3)CC2)C1,0.7246141372814864,5.019647738721675
Cc1cccc(CC(=O)N2CCN(C(=O)C3=CCOCC3)CC2)c1,0.8459158776898642,2.4063277872676103
CCOC(=O)COC(=O)COC(=O)CCc1ccc(C)cc1,0.5356867704315419,1.8829251226344255
Cc1cccc(C(=O)NCC2C[NH+](Cc3ccc(F)cn3)C2)c1,0.8639474454006001,3.11625787948271
Cc1ccccc1C(=O)NCC1C[NH+](Cc2ccccc2)C1,0.8597109967427633,2.8115189615823617
CCOc1ccc(F)cc1C(=O)NCc1ccc(C)cc1,0.914212803730877,1.6125799959210863
C[C@H](CNC=O)CNC(=O)C[C@H]1CCOC1,0.5984687938720342,3.5060148280370953
CC(C)(C)OC(=O)NCCCCCCNC(=O)CCc1ccccc1,0.631709027340085,1.8665415658469708
Cc1cc(C(=O)Nc2ccc(C3CCC3)cc2)c2ccccc2n1,0.7332954254778619,1.8054709310803183
CC(C)c1nsc(NC(=O)c2cccc3ccccc23)n1,0.7926093940148311,2.107100543509093
C[C@@H]1COCCN1C(=O)NCc1csc(C2CCCCC2)n1,0.9296323794928016,2.9742194569522695
COc1ccccc1C(=O)N1CCN(C(=O)Nc2cccc(C(F)(F)F)c2)CC1,0.8440693026419082,1.9688803061366098
CCc1cccc(CNC(=O)N2CCCN(C(=O)c3ccccc3)CC2)c1,0.9037452546518575,1.8606224115421632
Cc1nc(C[C@@H]2CCCN2C(=O)COC(=O)c2cc(Cl)c[nH]2)no1,0.8224629244283305,3.1960449246831333
Cc1ccc(C(=O)NCC2C[NH+](Cc3cccc(F)c3)C2)o1,0.8709604457806523,3.198660578030429
COc1ccc(C[NH+]2CCc3sc(C(=O)N4CCOCC4)cc3C2)cc1,0.8804109511272324,3.6738432891279595
COc1ccc(C(=O)NC[C@H]2CCN(C(=O)c3ccc(C)cc3)C2)cn1,0.8952138455855381,2.439712601963061
Cc1ccc(NC(=O)Nc2ccc3c(c2)OCCO3)cc1Cl,0.8773717980930035,1.8708354450988445
Cc1cccc(CCNC(=O)N2CCc3ccccc32)c1,0.9188448173137782,1.8680721198016528
Cc1ccc(C(=O)NC[C@H]2CC[NH+]3CCCC[C@@H]3C2)cn1,0.8703823547837579,4.468812435663069
CC1(C)CCCC[C@H]1C(=O)N1CCO[C@H](c2ccccc2)C1,0.8312184482699345,3.0971176219634318
Cc1ccc2ccccc2c1C(=O)NCc1ccccn1,0.7955156970799055,1.8543303795746642
CCOC(=O)N1CCC[C@@H](NC(=O)C(=O)NC2CCN(c3ccccc3)CC2)C1,0.7452927515169253,2.6602108098641235
CC(C)(C)C[C@@H](CNC(=O)N1CCOCC1)C1CC1,0.8508476285849094,3.070115623911332
CC(C)(NC(=O)c1ccccc1)C(=O)N1CCOCC1,0.8975907297247381,1.9978803558309988
Cc1cccc(CNC(=O)Cc2ccc(F)cc2)n1,0.914534004848133,1.762377148652721
Cc1ccc(C[NH+]2CCC(NC(=O)Nc3ccc(C(F)(F)F)cc3)CC2)cc1,0.7340220444546609,3.08514250084572
COc1ccc(C(=O)N2CC[C@H](c3ccccc3)C2)cc1,0.8634003108575989,2.04147884771975
Cc1cc[nH]c1C(=O)NC1(C)CC[NH+](CCCC2CCOCC2)C1,0.7345380722847493,4.64233848778246
Cc1cc(Cl)ccc1NC(=O)N1CC[C@H]([NH+]2CCCC2)C1,0.8605144742698286,3.929118229813067
CCc1cccc(NC(=O)C2CCN(c3ccc(F)cc3)CC2)c1,0.9110973203586429,1.7536160815819901
CCOc1ccc(C(=O)N(C)CCNC(=O)C2CCCC2)o1,0.836634947448087,2.4056064837376248
Cc1cccc(NC(=O)CNC(=O)C(=O)N2CC[NH+](Cc3ccccc3)CC2)c1C,0.6209079459331651,3.1233971096612683
CCCCNC(=O)C(=O)NCCC[NH+]1CCCCC1,0.43042390763267785,3.5954438153193884
O=C1C[NH+]2CCC[C@H](CNC(=O)N3CCN1CC3)C2,0.5412088056370252,6.234155575933561
CC(C)(C)OC(=O)N1CCC([NH+]2CCc3ccccc3C2)CC1,0.8597959838930123,3.815398110165381
CCCCCCCCCCCCCCC(C(=O)c1ccccc1)c1ccccc1,0.20601093309853413,2.4119167707211275
COc1ccc(C(=O)NC2C[NH+](CCCCc3ccccc3)C2)cc1,0.7193259862707518,2.7132300823304885
Cc1nc(CN2CCC(Oc3ccc(Cl)cc3)C2)cs1,0.8597231214030755,2.5431719167086744
Cc1ccc(Oc2ccc(C(F)(F)F)cc2)cc1,0.7450793463776703,1.5387295798380691
CC[C@@H]1CCCC[C@H]1NC(=O)c1ccc(-c2ccccc2)cc1,0.8408750408230122,2.4595326928267767
CC1(NC(=O)Cc2ccccc2Cl)CC[NH+](CCO)CC1,0.7384780956573734,3.6277281054386883
Cc1nc(C)c(C(=O)N[C@H]2CCN(c3ccc(F)cc3)C2)o1,0.9459331073635797,2.75095546036418
Cc1ccc(N2CC[NH+](Cc3csc(-c4ccccc4)n3)CC2)cc1,0.7806342181718035,3.0781250407504475
Cc1ccc(C(=O)NCc2ccc(F)cc2)c(C)c1,0.8970123690196269,1.5157952425085526
Cc1ccc([C@@H](C)[NH+]2CC[C@H](NC(=O)c3ccco3)C2)cc1,0.9031323642431149,4.143645982541957
Cc1ccc(-c2ccccc2)c(C(=O)NC[C@@H]2CC[NH+](CO)C2)c1,0.7748317045427628,3.725983972732293
Cc1cccc(CCNC(=O)N2CCc3ccccc3C2)c1,0.9252336002246921,1.8711370591098344
COc1cc(NC(=O)c2cc3ccccc3o2)ccc1C,0.7890140470126191,1.7808136204321698
Cc1ccc(C(=O)N2CCC(NC(=O)c3ccccc3)CC2)cc1,0.9441080485839992,1.627746516364601
Cc1cc(C(=O)N[C@@H]2CC[C@H](C(=O)[O-])C2)c(C)o1,0.8486041884637399,3.4354514490103494
CCc1ccc(C(=O)N2CCC([NH+]3CCCCC3)CC2)s1,0.907349085172201,3.6707868739000125
Cc1ccccc1C[NH+]1CC(CNC(=O)c2ccn(C)n2)C1,0.8270310810042201,3.257332538328196
Cc1ccccc1C(=O)NC1(CNC(=O)c2ccccn2)CC1,0.8881080585235704,2.1928301871750175
Cc1ccccc1C(=O)N1CC[NH+]2CC(NC(=O)C3CCCCC3)C[C@@H]2C1,0.8393762948730071,4.115714943913425
Cc1ccccc1C(=O)NC1C[NH+](Cc2ccc(F)cc2F)C1,0.8796589950477013,2.9693991479738333
COC(=O)C1(NC(=O)c2ccsc2C)CCCCC1,0.8665977852458762,2.53680801464208
CCc1ccccc1C[NH+]1CC(NC(=O)c2ccc[nH]2)C1,0.7463155580474609,3.3502266973552466
Cc1ccc(N(C)CC(=O)N2CCN(c3ccccc3)CC2)cc1,0.8655365652207991,1.8547592253946998
Cc1ccc(CN2CC[NH+](Cc3ccccc3)CC2)cc1F,0.907625649586925,3.081652203340604
Cc1ccccc1C(=O)NCCCNC(=O)c1cn(C)cn1,0.78905690385196,2.0981973025961853
Cc1noc([C@H](C)[NH+]2CCC(C)(NC(=O)C3(C)CCCC3)CC2)n1,0.8760419060046943,4.484608664806048
CC(C)C[C@H](CO)NC(=O)c1ccn(-c2ccccc2)n1,0.8537534447685854,2.5564692467622177
Cc1ccccc1C(=O)Nc1cccc(C[NH+]2CCOCC2)c1,0.9017537629951744,3.0542203699887587
CC(C)C[NH+]1CC(CNC(=O)c2ccc(C(N)=O)cc2)C1,0.6717808428189023,3.0887901791366232
Cc1ccccc1C(=O)N1CC[C@H](C[NH+]2CCOCC2)C1,0.8723576893485184,3.7759139044662824
NC(=O)C1CC(C(=O)[O-])C1,0.4957762366140596,3.2308213666755137
Cc1ccc(C(=O)NC2CC[NH+](Cc3ccccc3)CC2)cc1,0.8894270855566595,2.9360300140760156
CCc1ccc(C(=O)N[C@H](C)CNC(=O)c2oc(C)nc2C)cc1,0.8521528466391902,2.7191967140702165
Cc1ncccc1C(=O)NC1C[NH+](CCC2CC[NH+](C3CC3)CC2)C1,0.6351075787074486,4.467650802807196
CC(C)c1occc1C(=O)NC[C@H](CO)NC(=O)c1ccc(F)cc1,0.7141927593481616,2.8562218656244305
Cc1cccc(NC(=O)c2ccc(N3CCCC3)nc2)c1,0.9390404835375923,1.7433160037865214
Cc1cc(F)ccc1C(=O)NC1(C)CC[NH+](CC2CC2)CC1,0.8722835378115209,3.6101329410455207
Cc1ccc(CC(=O)NCc2ccc3nc[nH]c3c2)cc1,0.77119566072283,1.950710959650328
Cc1ccc(CC(=O)NCCNC(=O)CCc2cccs2)cc1,0.7306279150116162,1.9261691436032038
CC(=O)NC[C@H]1CCCN(C(=O)c2cccc(Cl)c2)C1,0.9299976254581717,2.3147837014756316
CC(C)(C)OC(=O)N1CC[C@@H](CNC(=O)c2cn(C(C)(C)C)cn2)C1,0.9090293010055035,3.101310679082223
Cc1cc(C)cc(C(=O)NCC2CCN(C(=O)OC(C)(C)C)CC2)c1,0.9081042529800577,2.072745353823702
C[C@@H]1CCC[C@H]1NC(=O)c1ccc(-c2ccccc2)nc1,0.9317804374295399,2.527144424571123
COc1cc(C)ccc1C(=O)N[C@H]1CCN(C(=O)c2ccccc2)C1,0.932279048667523,2.2510303634340296
CCCC[NH+]1CCC(NC(=O)[C@H]2CC23CCOCC3)CC1,0.786537447490723,4.83615089720153
CCOc1cccc(NC(=O)c2cccc(-n3cccn3)c2)c1,0.7843327977649684,1.8523845490932356
CC(C)(C)OC(=O)N1CC[C@H](CNC(=O)c2csc(C3CCOCC3)n2)C1,0.8475283247140822,2.987491785793818
COc1ccccc1C[NH2+]CCc1ccc(F)cc1,0.791183946119441,2.6898808316364047
CC(C)CC[NH+]1CC(NC(=O)c2ccc(Cl)cn2)C1,0.8383545839853213,3.4289983518085414
Cc1ccccc1C[NH2+]CC1CCN(C(=O)CC[NH+]2CCOCC2)CC1,0.6945666191148724,4.063246695941394
Cc1ccc(C)c(NC(=O)N2CCN(C(=O)Nc3ccc(F)cc3)CC2)c1,0.8439497319051446,1.883689524591059
COc1ccc(C(=O)Nc2ccc(C(C)C)cc2C)cn1,0.9293185606520995,1.8603754506708956
C=C(NCc1ccc(C)cc1)C(=O)NCc1ccc(CC)cc1,0.7689697356489965,2.0620862818495738
CCN1CC[NH+](CCNC(=O)NCc2cc(-c3ccccc3)no2)CC1,0.6682064603431654,3.3483624854150786
C[C@@H]1CCC[NH+](CC(=O)N2CC[C@H](CNC(=O)c3ccc4ccccc4n3)C2)C1,0.7976318330647841,4.119358425997304
CCc1occc1C(=O)N[C@@H](C)CNC(=O)c1c[nH]c(C)n1,0.7511200883291578,3.4434009552183458
CCc1cccc(C(=O)NC2CCN(C(=O)c3cnn(-c4ccccc4)c3)CC2)c1,0.7106171151121211,2.115242733003443
CCOC(=O)c1ccc(NC(=O)c2ccccc2Cl)cc1F,0.868642286245076,1.6729357153204258
COc1ccc(NC(=O)N2CC[C@@H](NC(=O)c3ccc(C(N)=O)cc3)C2)cc1,0.7318776091534419,2.3405764383668313
Cc1ccc(C[NH+]2CCC[C@H]2NC(=O)c2ccc(F)cn2)cc1,0.8975115099348557,4.039469901886372
Cc1ccoc1C(=O)NCC1(C(=O)[O-])CCC1,0.8112634566067994,3.0455712641148036
CC1(C)CCC[C@@H]([NH2+][C@H]2CCN(c3ccc(F)cc3)C2)C1,0.9074430787441482,4.015524588505548
Cc1cc(C)cc(NC(=O)N2CCC[C@H]2C2CC2)c1,0.8613594381998199,2.4876826385367643
CCc1ccc(C(=O)N2CCCC[C@H]2C)cc1,0.7647032895015854,2.1098033066060697
COc1ccc(C(=O)NCC[NH+]2CCOCC2)cc1Br,0.796982899859984,3.4236348237315193
CCc1ccnc(N2CCN(C(=O)CCc3ccccc3)CC2)n1,0.8468070239497667,2.0381161006933137
Cc1ccccc1C(=O)N1CC[C@H](Cc2ccccc2)C1,0.8386314735699818,2.1269005375053744
CCc1cccc(C(=O)NCC2(C)CCCC2)c1,0.8630885441519,2.0506480051774343
COc1ccc(CCC(=O)N2CCN(c3ccc(F)cc3)CC2)cc1,0.8369460399236862,1.7298627746381818
CCc1ccc(C(=O)N[C@@H](C)CNC(=O)c2ccccc2)o1,0.8601844331717524,2.4102529789746026
CC1(C)CCC(CNC(=O)NCCCc2ccc(F)cc2)CC1,0.7549871108075477,2.1489677019679174
Cc1ccc(C(=O)N2CCN(c3ccc(F)cc3)CC2)cn1,0.8546321826088874,1.8107475330109324
Cc1cccc(C[NH+]2CC[C@H](NC(=O)C3=CCCC3)C2)n1,0.858849459110013,4.468055143360529
C[C@@H](CNC(=O)c1ccc2ccccc2n1)NC(=O)OC(C)(C)C,0.9036598049722557,2.541999511273012
Cc1cccc(C[NH+]2CCC[C@H]2CNC(=O)c2cccnc2)n1,0.857084144731911,4.097173106144801
Cc1cccc(CNC(=O)C[NH+]2CCC(O)CC2)c1,0.6954357048812433,3.412348943524518
Cc1cccc(C(=O)N2CC[NH+](CC3CCOCC3)CC2)c1,0.8945356806133664,3.3340719148790647
Cc1ccc(C[NH+]2CC(NC(=O)[C@H]3CCCOC3)C2)c(C)c1,0.8559438057097467,3.7426839963443292
Cc1cc(C2CC2)oc1C[NH+]1CC(NC(=O)c2ccco2)C1,0.8737887254976664,3.699985143787253
Cc1ccccc1C(=O)N1CCN(C(=O)NCCCc2ccccc2)CC1,0.8280698016139633,1.8319644233764834
CCCC(=O)N1CC[C@](C)(NC(=O)c2ccc(C)cc2)C1,0.9252176822876819,2.7014514658873363
CC(C)(C)OC(=O)N1CCC(NC(=O)Cc2nc(-c3ccccc3)no2)CC1,0.8676988071146651,2.221231887408525
COc1ccc(C(=O)NC[C@H](C)CNC(=O)c2ccc(C)c(C)c2)nc1,0.7996360715849994,2.5555325603830195
CCc1occc1C(=O)NC1(C)CCN(C(=O)Cc2conc2C)C1,0.8963600859381534,3.6682070543487484
COc1ccc(C(=O)C(=O)NC(=O)NCc2ccc(F)c(F)c2)c(OC)c1,0.5937266623508124,2.19327357098563
CC(C)(C)OC(=O)N1CC[C@@](C)(NC(=O)Cc2ccc3nc[nH]c3c2)C1,0.8828520841069679,3.1705825603830196
CC1(C)C[C@H]1C(=O)NCCC[NH+]1CCN(c2ccccc2)CC1,0.7667254224624508,3.8575777551357966
CC1(C)CC[C@H]1C(=O)N[C@@H]1CCCC[C@H]1c1ccccc1,0.8827754738220696,3.246018223809349
COc1cccc(C(=O)NC2C[NH+](C[C@@H]3C[C@H]3C3CCCC3)C2)n1,0.8152709399254869,4.132974608183798
CC(C)C[NH+]1CCC(NC(=O)Cc2cccs2)CC1,0.8327679706228361,3.661664328139902
CCc1cc(C[NH+]2CCCC[C@H]2NC(=O)c2ccccc2)ccc1OC,0.8382359486538952,3.769124765229347
Cc1ccccc1C(=O)NCc1ccc(N2CCOCC2)cc1,0.9439453940404492,1.7172564205054073
Cc1ccc(NC(=O)N2CC[C@H](c3ccccc3)C2)cn1,0.9164896169292679,2.360003942297304
Cc1cc(-c2occc2C(=O)NC2CCN(c3ccccc3)CC2)no1,0.776863551207241,2.4455385987754017
CC[C@@H](F)CC(=O)N1CC[C@H](CNC(=O)c2ccccc2)C1,0.8771662452574368,2.8778232582626178
Cc1cc(C[NH+]2CCN(C(=O)N[C@H]3CCN(c4ccccc4)C3)CC2)ccc1F,0.8264110138328392,3.6396943660669585
CCc1cc(C(=O)N2CC[C@H](CNC(=O)c3cncc(F)c3)C2)no1,0.88948370505135,2.9252600492411798
COc1ccc(CNC(=O)COC(=O)c2cccc(C(N)=O)c2)cc1,0.7368004973680209,1.741813433978841
CCCCOCC(=O)NCc1ccn(-c2ccccc2)n1,0.7579792957593708,2.0543369369517155
CCOC(=O)c1cccc(NC(=O)C(=O)N[C@@H]2CCN(c3ccccc3)C2)c1,0.6123955776021236,2.43211292327433
Cc1ccccc1C[NH+]1CC(NC(=O)c2ccc(F)cn2)C1,0.87417836752761,3.1358079725713726
CC(C)(C)c1nnc(NC(=O)C[C@@H]2CCCOC2)s1,0.9257591890518098,2.9610721886093323
Cc1ccc(-c2nnc(NC(=O)c3ccccc3)s2)cc1,0.7999984929197768,1.6965523215671006
COc1ccc(C[NH2+]C[C@@H]2CC[NH+]3CC[C@H]3C2)cc1,0.7579304820007172,5.326386404044553
CN(N)C1CCN(c2ccc(C(F)(F)F)cc2)CC1,0.6634714530572304,2.2838202452996654
Cc1cc(C(=O)NC[C@@H](C)CNC(=O)c2ccccc2C)n(C)n1,0.8492909860485659,2.619989021762523
Cc1ccc(C(=O)N[C@H](C)CNC(=O)CCc2cccnc2)cn1,0.8102079520216487,2.5696225264930863
C[NH+]1CC(NC(=O)C2CCC=CCC2)C1,0.6040020676897746,3.7265122396830375
Cc1[nH]ccc1C(=O)N1CCN(C(=O)C2CCCCC2)CC1,0.9102551430682754,2.314453027516427
CCCC(=O)Nc1cccc(C(=O)N[C@H]2CC[NH+](Cc3ccc(F)cc3)C2)c1,0.6850551901699299,3.66058005119758
Cc1conc1C(=O)NC1CC[NH+](CCCC2CCCC2)C1,0.8336816888858904,4.553337402183213
CC1(C)CC(C[NH+]2CC(NC(=O)C3CCCCC3)C2)C1,0.8009071002682975,3.496324746440389
Cc1ccc(C(=O)NC(C)CNC(=O)CC2CCCC2)o1,0.845450089385468,2.661298712212023
CCc1ccc(C(=O)N2CC[NH+](CC3CCOCC3)CC2)c(F)c1,0.895812917299459,3.4052435063311552
CCc1nc(C(=O)NC2(C)CC[NH+](CCC[C@H]3CCOC3)CC2)co1,0.7758579071717512,4.405011999403693
Cc1ccc(NC(=O)C(=O)Nc2cccc(NC(=O)C[NH+]3CCOCC3)c2)cc1,0.5497467889767262,3.0213653849132545
CCC(=O)NCC1(NC(=O)c2ccc(C)cc2)CCC1,0.8642711957980571,2.146531180006823
Cc1ccsc1C(=O)NC1C[NH+](CC2CCOCC2)C1,0.8483962909458963,3.5539732852699792
CCCc1nc(C[NH+]2CCC[C@H]2CNC(=O)C2CCCC2)co1,0.7999366032079621,4.42204314058797
Cc1ccc(C(=O)NCC2CCN(C(=O)c3ccco3)CC2)o1,0.9398839367645797,2.192489423323485
Cc1noc(C2CCN(C(=O)Nc3ccccc3)CC2)n1,0.9211066556544287,2.0414373152619305
CC(C)C[NH+]1CC[C@@H](CNC(=O)c2ccn(-c3ccccc3)n2)C1,0.836563817794655,4.010141163367745
CC(C)CCC1(NC(=O)C[NH+]2CCCC2)CCCC1,0.751697028768801,4.030587405062978
COc1cccc(C[NH+]2CC[C@@H](NC(=O)c3ccccc3C(N)=O)C2)c1,0.7010950627010848,3.765709230925813
CCc1ccc([C@H](O)CNC(=O)C(=O)Nc2cccc(-n3cccn3)c2)cc1,0.5732371965816107,2.6487221540435595
Cc1cccc(C[NH+]2CC[C@H](NC(=O)[C@H]3CCCOC3)C2)c1,0.8595759275532369,4.308104258640859
C[C@@H]1CCCCN1C(=O)c1csc(Cc2ccccc2)n1,0.8646902508234531,2.4847487090060056
CCOC(=O)C[NH+]1CCN(c2ccc(F)cc2)CC1,0.785398634158346,3.3471771486527224
CC(C)(C)C(=O)N1CC[NH+](CCc2ccc(F)cc2)CC1,0.8880564347616736,3.431348129715989
COc1cccc(C(=O)NCCC[NH+]2CCOCC2)c1,0.7049744696965575,3.271660092473665
Cc1ccc(CCNC(=O)N2CC[NH+](CC3CC3)CC2)cc1,0.8314803105337457,3.2655321483955477
Cc1ccnc(N2CCC(NC(=O)c3cccc(F)c3)CC2)n1,0.9444417108572888,2.049460751994813
CCCNC1CCCCN(C(=O)OC(C)(C)C)C1,0.8439362016596501,2.4859480102550737
CC(C)(C)OC(=O)N1CCC(C(=O)N2CCCN(c3ccccc3F)CC2)CC1,0.7556375000252701,2.115871759128064
CC(C)CCCNC(=O)N1CCN(c2ccccc2)CC1,0.8459628097378735,1.8028266973552451
Cc1ccccc1CCC(=O)NC[C@H]1CCN(C(=O)C[NH+]2CCCC2)C1,0.7488438108328861,3.6970334834599416
CCN(CC)C(=O)N1CC[NH+](C2CCN(C(=O)OC(C)(C)C)CC2)CC1,0.8089782954421877,3.618650724566585
Cc1ccccc1C[NH+]1CC[C@H](NC(=O)CCc2ccc(F)cn2)C1,0.8343992252804644,3.976644127326944
CCc1ccccc1OCCNC(=O)NCC1CCCCCC1,0.5916056643718794,1.976522551389447
CC(C)(C)OC(=O)N1CC[NH+](CCC(=O)N2CCN(c3ccccc3)CC2)CC1,0.810348925322939,3.127090249851431
C[NH+]1CCN(C(=O)CNC(=O)c2cccc(F)c2)CC1,0.7393378817104628,3.140244916270559
C[NH+]1CCC(C(=O)N2CCC[NH+](Cc3ccccc3)CC2)CC1,0.7531425855254867,4.696070628049335
CC(C)c1ccc(NC(=O)C(=O)N2CC[NH+](Cc3ccccc3)CC2)cc1,0.8091982515237174,3.0778794083914693
Cc1nc(C[NH+]2C3CC[C@H]2CCN(C(=O)C2=CCCC2)C3)cs1,0.9149613070743084,5.495269259464575
CC(C)(C)OC(=O)N1CCC(NC(=O)C(=O)Nc2ccc(F)cc2)CC1,0.7873428545643213,2.043131981337984
Cc1ccc(-c2nsc(NC(=O)c3ccc4c(c3)OCO4)n2)cc1,0.7905218718732854,2.1368767600339744
Cc1cccc(C(=O)N2CC[C@@H](CCNC(=O)c3ccncc3)C2)c1,0.9122843527515712,2.44789853786523
CN(Cc1cccc(C[NH+](C)C)c1)NC(=O)C(c1ccccc1)c1ccccc1,0.5823019413343129,3.01362154802725
Cc1ccc(-c2ccc(NC(=O)C(=O)NCCOc3ccc(C(N)=O)cc3)cc2)cc1,0.40543845153524466,1.9297215357702306
CCc1ncccc1C(=O)NC[C@H](NC(=O)C1(C)CCC1)C(C)C,0.8068127150826605,3.0201477092289046
Cc1ccc(C[NH+]2CCC(C)(NC(=O)c3csc(C)n3)CC2)o1,0.8949962786283848,3.828099299601053
Cc1cccc(NC(=O)N2CCC(n3cccn3)CC2)c1,0.9210920147415311,2.1497255876452854
Cc1cc(C)cc(NC(=O)N2CCN(c3ccccc3)CC2)c1,0.9187288443436347,1.7692229897570506
CC(C)(C)OC(=O)N[C@H]1CCC[NH+](Cc2ccccc2)C1,0.8909568888406323,3.966650364255222
CC1(C)CCC[C@H](N2CC[NH+](Cc3ccccc3)CC2)C1=O,0.9157733351477372,4.074817636897324
Cc1cccc(OCCCCNC(=O)N2CC3(CCCC3)C2)c1,0.8123641852631279,2.6424952914456394
CCC[NH+]1CCN(C(=O)N[C@H]2COc3ccccc3C2)CC1,0.8442057836853553,4.006811524259962
CCc1ccccc1C[NH+]1CCN(C(=O)c2ccc(C(N)=O)cc2)CC1,0.8391546180577953,3.0589627534969246
Cc1cc(C)cc(CC(=O)NCCC[NH+]2CCN(C(=O)c3ccccc3)CC2)c1,0.6977013427850458,3.0617294256917544
Cc1ccoc1C(=O)N1CCC(OCc2ccccc2)CC1,0.8685991954928448,2.1062469148790637
Cc1[nH]ccc1C(=O)N[C@H]1CC[C@@H](CNC(=O)OC(C)(C)C)C1,0.7971232347007886,3.3077362355527073
CC(C)(C)OC(=O)C(=O)NCC1CCC[NH+](Cc2ccc(F)cc2)CC1,0.6275164248962748,4.092260842152425
COC(=O)c1ccc(NC(=O)C(=O)NCC2CCN(C(=O)c3ccccc3)C2)cc1,0.5776566167889705,2.421435384200535
CCOC(=O)c1cccc(CNC(=O)NCCc2ccc(F)cc2)c1,0.7588183280558872,1.783113641377076
Cc1ccccc1CCNC(=O)N1CCC(Cc2ccccc2)CC1,0.8717369402131941,1.888689803089182
Cc1nccnc1C[NH+]1CCC(C)(NC(=O)C2=CCCC2)C1,0.8541508087373108,4.764568171413981
CC(C)(C)OC(N)=O,0.5116778120085994,2.2325658201934626
CCc1ccc(C(N)=O)o1,0.6624655714814608,2.1948078282139765
CC(C)(C)OC(=O)N(CC[NH+]1CCOCC1)Cc1cccc(-n2cccn2)c1,0.8165999728873692,3.5036442754318937
Cc1cc(Cc2nc(Cc3ccc(Cl)cc3)no2)ns1,0.737737261605348,2.702186882924593
Cc1cccc(C(=O)N2CCC(NC(=O)COCc3ccc(F)cc3)CC2)c1,0.8327757104284836,1.9842140831242006
Cc1cc(C(=O)NC2C[NH+](CCC3CC3)C2)cs1,0.8130770044566569,3.707624349068838
Cc1[nH]ccc1C(=O)C(=O)N1CCC[C@H]1CNC(=O)c1ccccc1,0.6449126529028196,2.8988411976702153
COc1ccc(-c2cccc(CNC(=O)NCC3CC3)c2)cc1,0.8567058672182332,1.7688537589878202
CCc1nc(C(=O)N2CCN(c3ccccc3)CC2)cs1,0.8743125987982396,1.937386873900012
Cc1cc(C(=O)NC[C@H](C)CNC(=O)c2cccs2)co1,0.8608427562675055,2.9311133145588304
Cc1nocc1C[NH+]1CC(NC(=O)NCc2ccc3c(c2)CC3)C1,0.7419479466808057,3.5220348106789814
CC(C)(C)OC(=O)N1CC[C@H](NC(=O)N2CC[NH+](Cc3ccccc3)CC2)C1,0.8138713768093201,3.688187538658944
CCc1ccc([C@H](C)NC(=O)NC2CCOCC2)cc1,0.8881503121253367,2.413694169954521
Cc1ncccc1C[NH+]1CCC(C)(NC(=O)c2ccncc2)CC1,0.886565801242274,3.547929125060252
COc1ccc(C(=O)NC2C[NH+](Cc3ccc(C)cc3)C2)cc1,0.8712863939527815,2.7468787078850756
Cc1ccc(CNC(=O)N2CC[C@H]2c2ccccc2)o1,0.9301933597257499,2.5105164790428915
Cc1ccccc1C(=O)NCC1C[NH+](Cc2cncs2)C1,0.8617963759263714,3.339237466586016
CC(C)(C)C(=O)N1CC[NH+](Cc2ccc(Cl)cc2)CC1,0.8809301167459599,3.478820690496333
Cc1ccc(CC(=O)N2CCC(NC(=O)Cc3ccc(F)cc3)CC2)cc1,0.8819570142799326,1.8859719158839763
Cn1cc(C[NH+]2CCN(C(=O)CCOc3ccccc3)CC2)cn1,0.8188087737378053,3.2901011556383706
Cc1cc(C(=O)NC[C@@H](C)CNC(=O)c2cccnc2C)ccn1,0.8488791208849897,2.70059580602304
C[NH+]1CCC[C@H](C(=O)N2CC[NH+](CC3CCCC3)CC2)C1,0.6749307126712515,5.331326517887641
CN(C)c1ccccc1C(=O)NCC[NH+]1CCCCC1,0.8240032000599544,3.435467212395486
COc1ccc(C(=O)NCCCNC(C)=O)cc1,0.7386537865325644,1.564234195222685
Cc1ccc(CC[NH+]2CC[C@H](CNC(=O)C3CCC=CCC3)C2)cn1,0.773212156277336,4.284450950298493
Cc1cccc(C(=O)NC2C[NH+](Cc3ccccn3)C2)c1,0.8619046189981874,2.990955928124478
CCc1cccc(NC(=O)NC[C@H]2CCCN(C(=O)OC(C)(C)C)C2)n1,0.8596035910258147,2.7688210219214806
CC1(C(=O)N2CCN(c3ccc(F)cc3)CC2)CCOCC1,0.8402855022384119,2.2518442363076367
Cc1ccc(F)c(C(=O)NCCCC[NH+]2CCCCC2)c1,0.7693585911738542,3.341865928124477
CCOC(=O)C1CCN(C(=O)C(=O)N2CC[NH+](Cc3ccccc3)CC2)CC1,0.5687639270753986,3.2389300446626637
Cc1ccccc1CNC(=O)c1ccc2c(c1)OCCO2,0.941819224795785,1.7772640491837457
COc1cccc(CNC(=O)C(=O)NCCc2ccc(F)cc2)c1,0.7939827290021785,1.7738506772931846
Cc1ncccc1C(=O)NC[C@@H](C)CNC(=O)c1ccoc1C,0.8546290417936137,2.759093805431654
Cc1cc(C(=O)NCCCNC(=O)c2ccc(C3CC3)cc2)no1,0.7649564618953136,2.039837328876896
Cc1ccccc1-c1ccc(NCc2cccc(F)c2)nn1,0.7829706796797321,1.9394159052636812
Cc1ccc(NC(=O)N2CCC(n3cccn3)CC2)cc1,0.9210920147415311,2.0955644274939598
CC(C)Oc1cccc(NC(=O)C(=O)NCCOc2ccccc2)c1,0.5989288801629358,1.86208547236299
Cc1ccc(C(=O)N2CCCC[C@H]2C[NH2+]C2CC[NH+](CC3CC3)CC2)cc1,0.7699929592268513,4.351601222106492
Cc1ccsc1C(=O)NC(C)(C)C[NH+]1CCOCC1,0.8439541126608324,3.9212222381544164
CN(C)c1ccc(NC(=O)N2CCc3sccc3C2)cc1,0.9224688208494727,2.1355659281244783
CCc1cccc(CCNC(=O)CC[NH+]2CCCCC2)c1,0.7807912394917051,3.277433532159786
CCc1cccc(C(=O)Nc2ccc(F)c(F)c2)c1,0.8946426920884399,1.5707409609410625
CC(C)(C)C1CCN(C(=O)COc2ccccc2)CC1,0.8463489389276005,1.8580960151716575
Cc1ccccc1C(=O)N1CCC(CNC(=O)C(=O)Nc2ccccc2)CC1,0.8017919370982282,1.9348629292780473
